Tag Name,Total Page Views,Individual Smes,Group Smes,Total Unique Smes,Unique Askers,Unique Answerers,Unique Commenters,Unique Contributors,Unique Article Contributors,Question Count,Question Upvotes,Question Downvotes,Question Comments,Questions No Answers,Questions Accepted Answer,Questions Self Answered,Answer Count,Sme Answers,Answer Upvotes,Answer Downvotes,Answer Comments,Median Answer Time Hours,Article Count,Article Upvotes,Article Comments
so-for-teams,192887,7,0,7,153,164,177,231,62,2324,6193,14,1504,162,1809,334,2754,133,8168,44,2588,1.18,261,1133,207
so-for-teams-enterprise,188839,5,0,5,126,135,154,194,35,2392,6214,14,1532,176,1849,316,2814,518,8488,38,2901,1.55,147,559,77
so-for-teams-business,77880,2,0,2,84,107,114,151,28,1013,2528,6,656,75,789,104,1195,45,3339,17,1156,1.2,64,276,50
sales-engineering,43813,16,19,19,49,94,95,132,16,688,1648,2,359,69,480,84,805,401,2225,16,616,1.29,48,236,27
talent,36476,2,0,2,33,43,52,72,9,757,1433,5,369,60,554,178,808,140,1780,9,595,1.66,47,48,13
core-q-and-a,29022,0,0,0,45,46,69,84,8,383,1051,2,302,21,284,98,450,0,1346,2,437,3.19,16,134,20
community,28924,14,14,14,57,52,61,83,7,328,967,2,344,29,229,117,422,149,1268,4,369,6.45,15,24,8
product-support,27058,1,0,1,62,73,86,117,8,472,752,9,234,31,384,117,498,159,1082,5,348,1.74,31,68,16
sales-process,24404,0,0,0,43,48,51,87,9,282,586,0,100,19,220,96,326,0,799,5,192,0.66,16,92,12
customer-success,22830,0,0,0,55,84,79,116,10,315,768,1,160,27,212,42,397,0,1149,4,267,1.11,21,148,24
data-team-request,22359,0,0,0,33,25,45,61,0,284,706,2,432,18,165,5,298,0,713,4,356,165.06,0,0,0
public-platform,19410,0,0,0,57,57,61,91,7,295,630,1,249,23,213,84,336,0,911,4,310,1.76,41,78,9
it-service-desk,18555,1,0,1,34,42,44,75,3,194,431,2,39,5,161,84,213,74,621,6,102,0.78,25,64,11
product-marketing,16864,8,0,8,38,57,51,84,4,188,492,6,119,29,111,26,230,33,645,4,146,1.8,34,79,31
sales,16247,0,0,0,42,58,64,99,6,234,506,0,92,23,152,55,293,0,705,4,218,0.8,15,41,6
community-management-team-docs,16215,12,0,12,17,22,19,28,4,196,486,1,177,7,154,112,230,124,533,0,163,20.72,13,18,5
teams-api,15977,2,0,2,47,42,64,80,7,236,493,0,150,24,161,13,263,14,657,1,262,2.19,12,73,9
product,13835,1,0,1,37,81,77,117,6,138,405,2,102,11,88,9,284,4,638,6,340,1.94,9,80,13
development,13744,0,0,0,26,39,35,61,11,157,422,0,60,9,126,60,196,0,536,1,121,2.31,21,91,11
teams-sales,13742,0,0,0,38,42,47,78,9,170,331,0,78,19,117,23,192,0,446,2,99,1.14,34,105,54
marketing,13566,0,0,0,50,38,55,88,5,183,456,3,83,11,135,48,240,0,632,5,163,0.68,19,53,21
so-advertising,12994,0,0,0,25,25,31,45,6,199,297,0,71,17,107,69,211,0,384,1,142,3.6,11,16,2
people-team,12811,3,0,3,35,46,41,75,8,162,445,0,53,8,129,50,181,7,530,5,90,1.19,15,55,8
customer-success-teams,12549,6,0,6,34,56,57,79,8,173,500,1,76,5,135,18,223,35,692,8,150,1.74,17,110,10
salesforce,11732,0,0,0,36,36,39,64,6,178,309,0,50,13,135,73,190,0,393,2,103,1.21,11,29,0
sre,11003,0,0,0,29,34,47,63,8,153,262,0,105,15,109,26,174,0,399,3,188,1.63,33,40,10
employee,10780,0,0,0,35,51,42,76,3,90,352,0,47,1,67,30,138,0,524,7,114,2.35,4,30,2
teams-features,10769,0,0,0,37,42,52,78,7,138,389,0,120,12,103,8,153,0,462,1,186,1.84,27,93,54
proof-of-value,10546,0,19,19,22,31,35,50,6,104,259,0,52,7,73,12,129,42,368,5,122,0.77,10,77,12
adoption,10519,0,41,41,21,44,44,61,6,102,506,1,68,3,67,12,150,80,639,2,116,2.88,14,67,4
security,10085,0,0,0,41,44,56,77,4,149,370,1,82,10,98,25,168,0,467,2,187,2.93,4,15,0
so-for-enterprise-on-premises,9652,0,0,0,41,41,52,74,6,131,263,3,98,10,114,25,146,0,385,1,137,2.06,7,27,3
tags,9489,0,0,0,56,46,62,85,4,165,447,0,136,13,130,15,190,0,602,1,278,1.02,5,10,2
moderators,9439,0,0,0,35,37,40,59,4,121,319,0,113,8,88,31,143,0,378,0,130,3.41,6,6,1
competitor,9189,1,0,1,26,32,37,53,5,75,264,0,73,5,54,9,126,16,476,1,81,2.94,32,107,13
slack-integration,9097,1,0,1,49,40,51,73,6,154,357,0,82,16,119,21,158,19,417,1,127,1.66,10,39,11
onboarding,8987,0,0,0,23,38,25,62,9,75,229,0,35,4,55,20,98,0,319,2,66,0.49,20,62,5
billing,8958,2,0,2,34,31,30,55,2,140,265,0,41,11,115,36,147,4,323,1,113,2.09,3,16,2
integrations,8950,0,0,0,33,35,44,64,5,138,290,0,80,15,104,10,151,0,371,2,151,3.07,7,31,13
stack-exchange,8542,0,0,0,29,49,43,70,1,95,232,0,87,4,68,29,201,0,372,5,216,3.08,1,6,1
legal,8470,0,6,6,46,40,46,81,2,160,265,0,73,7,114,18,207,37,304,2,113,1.59,2,7,0
dev-environment,8435,0,0,0,27,25,26,42,4,81,273,0,42,7,60,24,102,0,341,2,92,0.86,5,34,6
testing,8350,3,0,3,24,39,36,57,11,61,163,0,26,3,49,32,111,15,233,0,84,0.7,18,70,5
search,8329,2,0,2,45,36,49,74,7,104,307,0,62,10,81,7,118,20,405,1,162,1.57,12,48,15
se-onboarding,8305,3,4,6,9,13,11,22,6,25,70,0,8,0,21,9,30,13,84,2,14,1.12,17,81,1
design,8052,2,0,2,26,41,40,67,9,91,259,0,64,9,70,19,129,8,448,5,125,1.33,22,75,16
sre-cloud,8015,0,0,0,16,18,29,38,6,60,119,0,19,2,51,13,68,0,197,4,85,5.02,49,67,13
email,7714,0,0,0,47,45,50,85,5,109,285,0,93,9,87,27,121,0,350,0,116,2.52,6,28,10
site-settings,7626,0,0,0,30,27,36,51,1,109,243,0,78,9,83,18,127,0,333,0,116,3.02,1,7,2
sso,7250,4,0,4,34,29,36,53,4,109,211,0,41,6,89,25,125,41,363,2,119,0.9,5,5,3
blueshift,7202,3,0,3,21,17,37,48,9,59,172,0,22,1,54,30,61,26,216,1,58,0.77,31,102,12
teams-sales-enablement,6880,2,0,2,16,25,21,38,5,60,115,0,18,2,48,11,73,11,175,0,38,0.44,14,41,1
articles,6879,0,0,0,41,41,48,70,5,109,317,0,105,9,84,5,119,0,356,1,119,2.05,7,36,4
looker,6664,2,0,2,30,33,33,55,5,72,213,0,52,10,53,9,81,9,256,1,79,0.74,7,41,8
zuora,6455,2,0,2,18,20,22,34,2,102,180,0,26,7,80,31,111,1,214,1,93,2.09,3,8,0
slack,6418,1,0,1,42,44,47,74,6,95,241,0,36,4,75,29,111,7,339,2,83,1.33,7,26,4
benefits,6320,2,0,2,20,30,27,46,2,79,222,0,29,2,66,21,98,2,285,2,49,0.51,2,2,0
microsoft-teams-integration,6077,0,0,0,35,32,37,58,4,92,228,0,43,12,66,12,89,0,268,0,62,1.97,6,33,8
data,6053,0,0,0,36,38,41,80,8,105,198,3,68,9,72,24,108,0,273,5,101,1.82,10,33,3
internal-tools,6038,0,0,0,18,27,26,47,2,58,184,0,41,3,40,12,73,0,223,1,41,2.9,2,1,0
metrics-dashboard,5992,1,0,1,29,31,39,55,5,84,249,0,71,11,62,0,90,4,243,0,70,2.41,6,33,4
stack-overflow,5898,0,0,0,38,45,30,72,3,84,210,0,31,4,62,11,122,0,298,5,72,1.7,4,14,1
info-sec,5878,1,0,1,29,35,38,61,3,98,195,0,60,4,74,10,117,21,240,0,101,2.82,3,13,0
ux-research,5619,1,0,1,14,25,20,40,8,49,121,0,11,1,43,22,67,3,277,2,55,0.71,26,88,15
user-management,5565,0,0,0,30,32,39,56,3,79,187,1,54,7,65,9,89,0,262,1,84,1.28,3,2,0
new-hire-it-service-desk,5275,0,0,0,3,5,6,8,1,7,27,0,4,0,6,6,10,0,40,0,2,69.72,2,35,5
advertising,5259,0,0,0,21,15,18,32,5,77,160,1,28,5,41,21,80,0,197,1,69,1.51,12,7,0
so-internal,5242,1,0,1,20,32,36,57,4,63,237,0,53,7,47,3,73,2,293,4,93,0.35,5,27,8
collectives-on-so,5240,0,0,0,21,15,17,37,12,32,42,0,14,1,30,14,37,0,79,0,25,1.07,30,67,17
amplitude,5138,2,2,2,27,31,33,49,1,76,196,0,36,9,54,12,87,15,215,2,52,2.11,1,4,0
data-insights,5125,0,0,0,27,37,45,67,5,68,165,1,35,11,42,13,76,0,163,4,69,2.61,8,15,0
communication,4985,0,0,0,21,28,14,38,3,50,185,0,22,3,33,25,61,0,234,1,39,6.4,5,25,4
reputation,4956,1,0,1,25,33,41,58,3,76,207,0,59,1,63,5,97,9,322,0,111,1.08,3,20,4
overflowai,4841,0,0,0,29,27,29,51,11,61,190,0,22,3,49,20,70,0,222,1,40,0.54,16,50,8
security-questionnaire,4607,0,0,0,12,17,23,32,1,64,110,1,31,5,38,7,66,0,170,2,73,11.19,1,9,0
engineering,4602,0,0,0,27,35,34,59,5,57,159,0,40,6,37,9,75,0,227,2,66,3.04,8,38,4
remote,4516,0,0,0,15,23,22,40,2,29,112,0,18,3,22,6,47,0,196,1,45,0.79,2,17,3
api,4432,0,0,0,27,22,34,52,4,66,122,0,37,7,40,7,73,0,162,0,72,0.63,4,19,1
github,4400,0,0,0,25,28,27,51,4,62,145,0,33,6,50,22,64,0,177,1,63,1.1,6,14,0
talent-sales,4364,0,0,0,8,15,15,25,5,70,157,1,43,7,42,17,72,0,150,1,32,2.8,6,8,6
dev-local-setup,4360,0,0,0,23,26,26,41,4,59,155,0,38,5,46,20,73,0,172,2,56,1.64,6,22,6
company,4344,0,0,0,14,20,16,32,2,37,161,1,18,1,30,8,46,0,186,1,28,6.31,2,11,1
innovation-day-2023,4320,0,0,0,14,2,8,37,23,30,80,1,10,15,13,12,16,0,27,0,6,10.01,34,132,28
new-hire,4316,0,0,0,18,25,21,45,2,35,94,0,12,2,29,14,44,0,157,0,31,1.42,4,22,0
devx,4256,0,0,0,14,8,8,22,4,27,51,0,2,1,21,10,31,0,60,0,17,0.27,21,66,8
teams-demo,4193,0,0,0,10,14,16,24,1,17,50,0,8,1,15,5,24,0,58,1,17,0.59,2,21,0
azure,4093,0,0,0,21,22,23,42,8,66,112,1,13,2,57,30,68,0,164,0,41,2.81,12,22,6
users,4003,0,0,0,33,34,36,61,3,66,140,0,54,5,47,12,75,0,212,1,49,2.46,3,6,1
jira,3934,1,0,1,25,21,17,38,2,53,100,0,20,2,47,23,54,9,122,0,46,0.65,4,12,5
moderation,3852,0,0,0,22,27,32,46,5,55,175,0,69,8,32,3,61,0,193,0,56,3.5,6,13,1
sales-objections,3826,0,0,0,6,17,20,28,0,32,127,0,36,1,23,5,60,0,245,2,49,1.32,0,0,0
microsoft-teams,3824,1,0,1,22,23,27,44,3,58,133,0,18,5,44,4,60,7,151,0,36,4.76,3,3,0
banner-ads,3770,0,0,0,13,17,18,28,1,62,74,1,10,4,33,15,77,0,125,1,53,3.85,1,1,0
process,3756,0,0,0,9,10,15,25,5,21,89,0,14,2,17,13,21,0,79,0,14,1.91,6,12,2
out-of-office,3731,0,0,0,12,20,20,32,0,28,113,0,13,0,26,10,33,0,156,1,32,0.49,0,0,0
voice-of-customer,3720,0,0,0,14,17,25,34,0,50,166,2,69,18,19,0,39,0,82,0,26,13.18,0,0,0
architecture,3713,1,0,1,11,10,13,25,7,24,104,1,18,0,20,5,30,0,136,0,21,5.84,13,36,3
release-management,3709,0,0,0,13,11,8,25,4,27,73,0,4,2,24,17,31,0,90,0,14,1.48,9,28,6
openvpn,3698,0,0,0,7,5,4,11,2,8,22,0,0,0,8,5,8,0,28,0,6,26.25,2,27,4
scim,3646,0,0,0,18,19,22,34,1,44,110,0,20,2,41,6,54,0,150,1,58,2.86,1,5,1
finance,3634,0,0,0,15,28,15,39,1,55,134,0,11,5,33,13,65,0,138,2,28,7.8,1,4,0
support,3586,0,0,0,23,26,28,49,2,81,100,0,30,6,63,16,86,0,154,0,44,1.71,2,3,0
release,3562,0,0,0,8,7,7,16,5,15,47,0,3,1,14,9,16,0,54,0,5,0.36,15,46,10
database,3526,0,0,0,19,18,26,39,0,42,118,0,32,2,36,9,46,0,156,1,40,2.57,0,0,0
access,3416,0,0,0,15,19,21,35,0,20,89,0,16,0,18,9,26,0,101,3,28,0.52,0,0,0
sede,3368,0,0,0,13,12,17,26,0,29,82,0,20,0,27,6,39,0,135,0,30,3.25,0,0,0
swag,3340,0,0,0,10,15,11,22,2,24,87,0,20,2,17,3,32,0,113,0,19,1.83,2,23,10
private-teams,3338,0,0,0,18,27,26,39,1,47,140,0,31,2,39,3,58,0,221,0,63,0.94,1,6,1
community-a-thon,3310,0,0,0,2,43,26,49,0,5,30,0,2,0,0,0,175,0,243,7,173,112.12,0,0,0
ad-ops,3307,0,0,0,10,9,9,16,2,40,19,0,2,2,29,29,41,0,42,0,13,0.28,2,2,0
google-analytics,3288,0,0,0,16,19,21,31,3,34,82,0,6,2,26,11,36,0,86,0,45,4.59,11,26,3
cpq,3287,0,0,0,3,4,2,5,0,28,75,0,1,1,25,17,30,0,108,0,20,0.36,0,0,0
account-management,3238,0,0,0,16,18,19,33,0,36,89,0,24,0,28,13,44,0,123,1,38,4.78,0,0,0
teams-roi,3236,0,0,0,13,11,12,21,3,34,90,0,2,3,27,17,40,0,117,0,36,0.53,5,26,1
product-roadmap,3219,0,0,0,17,20,32,45,0,43,138,1,47,4,30,3,49,0,147,2,52,4.29,0,0,0
prizm,3211,0,0,0,14,16,16,25,1,70,172,0,36,6,48,10,72,0,160,0,47,13.57,1,0,0
bonfire,3189,0,0,0,15,17,19,25,0,43,132,0,30,2,30,13,55,0,204,0,63,1.62,0,0,0
product-announcement,3156,0,0,0,6,8,11,22,6,21,74,2,19,10,6,2,14,0,38,0,6,1.33,30,68,11
so-for-teams-basic,3145,0,0,0,18,22,24,41,7,56,79,0,28,2,49,12,66,0,166,0,42,0.67,8,12,0
login,3144,0,0,0,15,22,19,34,0,34,102,1,29,3,27,11,37,0,130,1,22,2.19,0,0,0
community-products,3077,0,0,0,6,9,6,19,11,11,24,0,2,0,11,6,13,0,22,0,13,8.75,43,69,10
teamcity,3064,0,0,0,11,16,16,25,1,42,110,0,34,3,33,12,49,0,145,0,74,1.24,1,10,0
events,3047,0,0,0,11,18,10,27,2,23,80,0,7,0,13,6,50,0,147,0,22,0.36,2,4,3
subject-matter-experts,3000,1,0,1,20,19,32,37,0,44,157,0,33,2,36,5,59,2,222,1,78,0.73,0,0,0
so-culture,2918,0,0,0,13,23,19,37,0,21,166,0,14,0,17,5,38,0,249,3,24,1.19,0,0,0
zcpq,2862,0,0,0,4,4,9,12,0,31,67,0,15,2,24,9,34,0,81,2,51,0.5,0,0,0
knowledge-reuse,2844,0,0,0,17,21,22,32,1,26,113,0,6,1,17,5,32,0,102,2,29,11.7,1,4,1
so-for-teams-enterprise-hosted,2825,0,0,0,20,17,17,30,2,38,73,0,13,1,35,16,45,0,113,0,31,0.49,2,2,3
community-building,2823,0,0,0,13,18,19,35,1,36,158,0,51,8,18,1,46,0,149,0,33,3.39,1,3,0
deleted-profiles,2821,0,0,0,14,21,23,34,0,30,83,1,28,2,23,4,36,0,101,0,35,3.98,0,0,0
meta,2808,0,0,0,8,13,14,19,1,28,98,0,39,0,21,12,55,0,221,2,74,2.77,1,3,0
job-listing,2757,0,0,0,13,12,12,19,2,65,112,1,31,9,43,8,60,0,133,0,45,1.54,4,5,0
authentication,2721,0,0,0,23,22,22,41,2,43,81,0,25,3,33,9,45,0,109,2,26,0.94,3,2,6
localization,2709,0,0,0,18,16,24,35,0,38,99,0,35,3,30,9,41,0,132,1,47,19.62,0,0,0
admin,2700,0,0,0,24,21,25,45,1,48,98,0,29,3,40,10,52,0,139,3,52,0.81,1,1,1
okta,2674,0,0,0,17,15,18,31,1,34,76,0,6,2,29,12,36,0,107,0,22,0.77,1,2,0
content-health,2669,6,0,6,17,18,20,32,2,35,122,0,21,3,26,2,36,13,119,1,40,1.06,4,27,9
reach-and-relevance,2598,0,0,0,13,12,13,24,3,27,42,0,1,0,21,14,34,0,58,0,28,1.87,8,7,1
customer-success-ads,2590,0,0,0,9,11,14,21,1,39,57,0,9,2,17,21,44,0,66,0,19,1.01,1,0,0
platform-engineering,2578,0,0,0,4,8,7,17,4,8,12,0,5,0,7,1,10,0,26,0,9,5.04,12,29,5
gdpr,2559,0,0,0,17,17,20,35,3,38,63,0,28,4,26,4,37,0,76,0,19,2.45,3,7,0
tagging-strategy,2555,0,0,0,20,23,23,39,5,34,105,0,22,1,28,3,40,0,144,1,57,2.26,5,33,6
faq,2544,0,0,0,2,3,2,8,4,2,6,0,0,0,2,1,3,0,8,0,2,3.19,12,48,29
teams-migration,2538,0,0,0,15,11,23,35,3,27,51,0,18,3,22,4,32,0,61,0,42,3.17,4,15,1
vivun,2515,0,0,0,9,13,7,15,2,27,65,0,10,1,26,9,32,0,71,0,14,3.75,3,11,0
teams-api-v3,2511,3,0,3,14,13,18,32,5,35,79,0,12,5,23,8,35,12,66,0,52,11.26,6,36,3
unified-search,2505,0,0,0,15,13,13,31,4,23,65,0,8,2,20,3,27,0,77,1,23,2.05,5,38,13
revops,2479,4,0,4,17,23,17,38,1,51,99,0,25,13,30,1,47,8,89,0,15,1.22,1,1,0
office-equipment,2476,0,0,0,6,17,18,31,3,11,47,0,10,0,9,2,25,0,100,0,31,0.99,3,20,4
feature-request,2460,0,0,0,16,18,29,42,2,38,122,0,46,7,24,1,35,0,90,0,37,24.35,3,26,29
tsm,2450,0,0,0,9,12,8,19,4,13,32,0,2,1,11,5,15,0,38,0,9,0.41,11,13,6
stacks,2419,0,2,2,13,18,19,30,5,31,79,0,23,0,26,11,51,4,131,0,37,1.73,20,9,1
tdd,2409,0,19,19,6,4,13,17,3,11,39,0,10,1,9,2,17,3,65,2,28,1.05,3,11,0
customizing-sites,2400,0,0,0,16,15,11,26,0,43,92,0,35,4,28,8,49,0,110,0,38,6.81,0,0,0
product-support-playbook,2386,0,0,0,2,2,2,6,5,2,1,0,0,0,2,1,2,0,3,0,2,0.36,10,27,0
email-notifications,2363,0,0,0,20,19,26,37,1,47,90,0,41,2,39,4,48,0,110,0,52,3.85,1,0,0
google-ad-manager,2354,0,0,0,13,13,13,18,1,41,38,0,3,0,30,30,48,0,54,0,22,17.28,3,2,0
saml,2339,0,0,0,16,16,27,36,4,37,78,0,12,1,34,7,40,0,89,0,51,0.72,4,6,1
training,2296,0,0,0,14,23,17,38,3,32,87,0,13,1,23,14,45,0,98,0,23,1.1,3,14,0
mac,2286,0,0,0,13,16,10,27,3,21,43,0,9,1,17,8,24,0,51,0,7,1.59,3,16,2
expensify,2280,0,0,0,9,10,9,18,0,24,81,0,7,1,19,10,31,0,119,0,8,2.28,0,0,0
localsede,2276,0,0,0,10,13,16,24,1,22,50,0,15,0,21,8,26,0,77,0,25,9.67,1,0,0
teams-oncall,2257,0,0,0,7,20,27,34,0,39,90,1,65,5,34,0,40,0,109,1,53,4.07,0,0,0
accounting,2219,0,0,0,7,13,7,20,0,31,84,0,1,1,22,14,38,0,123,2,14,0.89,0,0,0
company-page-ads,2211,0,0,0,11,12,9,16,4,45,88,0,5,6,33,14,45,0,116,0,45,0.66,4,6,0
company-page,2187,0,0,0,13,12,15,24,3,63,90,0,26,5,49,9,66,0,115,0,42,2.4,3,9,0
implementation,2173,0,0,0,7,16,12,22,3,28,84,2,12,0,23,3,42,0,132,3,25,1.82,3,35,3
so-for-teams-communities,2164,3,0,3,17,16,22,36,3,25,101,0,18,1,17,6,30,9,101,0,26,0.79,6,22,6
chargify,2161,1,0,1,7,7,12,13,2,28,47,0,5,2,26,14,28,5,67,0,29,1.06,3,5,9
local,2132,0,0,0,9,12,15,20,0,22,67,0,13,0,18,7,29,0,99,0,31,0.48,0,0,0
moderator-elections,2117,3,6,7,10,11,10,18,1,18,33,0,19,0,15,12,24,16,46,0,11,5.83,3,3,0
winter-bash,2115,0,0,0,5,6,10,11,0,26,64,0,10,1,21,18,34,0,80,1,22,42.38,0,0,0
use-cases,2114,0,0,0,11,17,13,30,0,23,80,0,8,1,17,5,34,0,87,0,22,17.48,0,0,0
data-team,2072,0,0,0,15,11,18,26,2,29,59,0,25,3,19,2,29,0,66,3,27,18.81,2,5,0
so-for-teams-free,2013,0,0,0,19,17,18,33,3,35,54,0,20,4,30,5,35,0,83,0,24,0.5,3,4,9
candidate-search,2010,0,0,0,9,7,6,13,0,55,99,1,30,3,38,8,55,0,120,0,38,0.87,0,0,0
bugs,2007,0,0,0,13,19,9,23,1,26,59,0,19,1,23,8,30,0,74,0,11,0.52,1,2,0
sql-server,2000,0,0,0,11,12,15,26,6,23,61,0,14,2,20,4,25,0,80,0,22,1.36,10,7,3
discussion,1994,0,0,0,7,14,10,21,1,15,83,0,24,3,7,0,29,0,136,2,36,1.47,1,0,0
stack-and-learn,1971,0,0,0,1,1,0,2,1,1,5,0,0,0,1,0,1,0,1,0,0,1584.3,17,48,7
meta-stack-exchange,1969,0,0,0,8,9,10,15,0,20,85,0,31,1,12,9,35,0,124,0,33,5.63,0,0,0
dashboard,1969,2,0,2,12,16,23,34,4,22,64,0,7,1,15,3,28,6,93,2,45,0.65,5,20,9
user-profile,1952,0,0,0,17,22,30,41,0,36,91,0,36,4,26,3,40,0,114,1,35,1.69,0,0,0
deib,1945,0,0,0,10,8,10,22,7,16,49,0,1,1,13,7,18,0,51,0,13,81.97,17,59,17
freshdesk,1913,0,0,0,17,18,11,30,1,38,54,0,2,0,34,19,40,0,78,0,16,0.7,2,0,0
employer-branding,1912,0,0,0,10,11,10,22,3,19,54,0,7,2,17,10,18,0,27,0,11,15.73,7,4,0
soc2,1887,0,0,0,8,8,15,22,1,19,59,0,12,1,13,8,19,0,63,2,33,17.19,3,10,4
confluence,1881,0,0,0,10,15,15,26,1,19,51,0,16,0,15,3,27,0,93,1,34,2.49,1,10,1
local-environment,1877,0,0,0,12,12,12,20,1,19,65,0,2,1,17,8,24,0,98,0,21,0.47,1,1,0
sql,1852,0,0,0,11,8,14,26,5,19,56,0,8,2,12,4,20,0,71,0,11,0.4,6,17,3
cicd,1845,0,0,0,6,7,6,13,5,20,34,0,0,0,20,13,22,0,40,0,10,2.22,11,22,12
octopus-deploy,1836,0,0,0,10,11,8,17,4,21,28,0,1,0,19,15,25,0,49,0,10,0.86,9,25,12
blocklist,1766,0,0,0,13,15,20,25,0,25,64,0,28,4,20,5,25,0,73,0,44,0.85,0,0,0
vpn,1765,0,0,0,12,11,8,21,0,15,42,0,6,0,14,5,19,0,71,0,19,20.41,0,0,0
voting-system,1749,0,0,0,13,15,13,24,2,24,75,0,28,2,18,8,31,0,140,1,44,6.57,2,3,0
teams-onboarding,1743,0,0,0,8,12,17,25,2,19,48,0,6,1,13,2,25,0,57,0,26,8.41,5,21,7
stackoverflow.setup,1738,0,0,0,4,6,4,9,1,6,5,0,10,0,6,0,6,0,10,0,4,1.72,1,25,2
meta-stack-overflow,1735,0,0,0,9,8,11,16,0,17,77,0,27,0,13,7,24,0,96,0,36,7.53,0,0,0
deployment,1722,0,0,0,10,11,8,18,2,16,36,0,1,0,15,8,19,0,52,0,12,2.91,5,16,11
circleci,1717,0,0,0,6,4,5,10,3,11,21,0,2,0,9,5,13,0,33,0,4,0.19,10,28,6
analytics,1711,0,0,0,11,16,19,32,2,22,44,0,11,3,16,5,24,0,62,0,24,18.76,9,16,1
migrations,1710,0,0,0,15,17,17,28,0,28,49,0,20,0,25,6,35,0,89,0,40,3.53,0,0,0
haproxy,1704,0,0,0,7,8,7,14,0,13,48,0,1,2,9,0,16,0,63,0,16,1.86,0,0,0
teams-products,1692,0,0,0,3,1,2,8,6,3,6,0,2,2,1,1,1,0,1,0,0,0,13,45,1
elasticsearch,1689,0,0,0,14,19,10,28,4,26,62,0,9,0,24,7,34,0,77,2,16,5.28,6,15,1
intercom,1672,3,0,3,19,16,16,34,6,28,62,0,18,2,24,9,29,10,59,0,10,3.71,7,22,5
vacation,1644,0,0,0,7,11,10,18,0,19,54,0,7,0,18,8,21,0,79,0,17,0.49,0,0,0
snowflake,1634,0,0,0,7,10,9,17,3,12,31,1,6,0,8,3,22,0,57,1,13,0.47,8,22,5
recording,1633,0,0,0,14,18,10,27,1,23,52,0,6,1,17,8,30,0,77,2,12,1.26,1,10,2
deleted-posts,1621,0,0,0,13,16,20,28,0,25,81,0,13,2,18,2,26,0,110,0,40,1.41,0,0,0
gong,1596,0,0,0,10,13,13,21,1,21,35,0,14,1,18,5,28,0,56,1,18,0.99,3,18,0
gamification,1588,0,0,0,11,15,19,29,2,18,84,0,26,0,13,4,23,0,91,0,13,0.84,4,7,0
metrics,1578,0,0,0,15,21,17,38,4,26,66,0,20,3,16,7,32,0,76,0,26,4.77,4,6,6
business-intelligence,1574,0,0,0,7,7,13,17,0,13,51,0,8,2,9,3,12,0,40,0,18,12.07,0,0,0
review-queue,1568,0,0,0,9,12,13,20,1,27,58,0,27,3,21,3,27,0,63,0,25,6.17,5,17,2
github-actions,1566,0,0,0,7,11,10,17,4,29,45,0,8,0,29,19,35,0,59,0,27,0.2,5,8,0
documentation,1563,0,0,0,6,11,9,18,3,12,39,0,6,1,11,6,15,0,41,2,6,5.13,4,11,0
zoom,1556,0,0,0,12,16,11,25,1,26,65,0,14,1,22,11,30,0,104,0,6,7.49,1,1,0
logs,1553,0,0,0,20,17,22,37,0,23,50,0,24,1,17,2,24,0,49,0,22,8.94,0,0,0
control-panel,1550,0,0,0,6,4,2,8,0,26,63,0,2,0,26,13,29,0,98,1,11,0.4,0,0,0
research,1533,0,0,0,9,11,11,20,2,25,77,0,10,3,18,9,28,0,77,0,19,7.96,3,7,0
database-migration,1530,0,0,0,9,11,17,19,0,15,57,0,28,2,11,3,20,0,76,0,22,22.77,0,0,0
content-marketing,1504,0,0,0,4,16,11,21,2,27,49,0,10,0,21,4,42,0,86,1,26,1.24,2,3,2
images,1487,0,0,0,11,15,14,24,0,23,57,0,5,2,20,4,26,0,80,0,30,1.44,0,0,0
ai-reading-room,1475,3,0,3,3,9,3,14,5,5,21,0,6,0,3,3,15,0,36,0,2,10.82,54,36,6
contact,1439,0,0,0,13,14,13,26,1,23,66,0,17,4,15,5,22,0,71,1,12,1.09,1,1,2
reporting,1413,0,0,0,12,11,18,32,2,23,34,0,24,7,14,5,20,0,40,1,11,1.97,2,6,0
procurement,1408,0,0,0,8,6,8,15,1,27,31,0,3,0,24,21,30,0,29,0,11,10.42,1,7,0
javascript,1402,0,0,0,11,10,11,16,0,25,55,0,11,1,20,9,27,0,77,0,23,10.05,0,0,0
ux,1400,0,0,0,7,11,9,19,2,18,51,0,16,2,15,3,22,0,59,0,18,1.38,2,17,3
github-enterprise,1391,0,0,0,6,11,10,17,1,19,56,0,26,4,11,1,19,0,47,1,28,1.37,2,1,0
us-employee,1377,0,0,0,5,7,3,10,0,17,50,0,1,0,15,8,20,0,59,0,4,11785.32,0,0,0
data-platform,1374,0,0,0,1,6,4,11,4,2,7,0,4,0,1,0,6,0,23,1,3,0.25,22,31,9
redis,1356,0,0,0,13,12,15,21,0,24,67,0,12,1,19,10,28,0,82,2,23,2.65,0,0,0
user-privileges,1352,0,0,0,18,13,19,30,0,28,46,0,18,2,22,3,29,0,85,0,23,0.97,0,0,0
editing,1337,0,0,0,11,17,22,31,1,25,62,0,31,2,22,2,29,0,97,0,42,0.61,1,1,0
active-directory,1333,0,0,0,12,11,11,20,0,17,41,0,9,2,13,6,16,0,49,0,24,3.03,0,0,0
user-groups,1331,0,0,0,15,14,24,37,0,26,64,0,19,6,18,0,29,0,83,0,29,0.73,0,0,0
acronym,1314,0,0,0,7,10,9,19,1,10,53,0,9,0,9,2,14,0,91,0,9,0.41,1,10,1
url,1311,0,0,0,16,15,11,28,0,23,53,0,14,0,20,6,25,0,69,0,30,1.2,0,0,0
invoice,1311,0,0,0,6,6,6,12,0,20,44,0,18,2,14,7,21,0,38,1,4,19.8,0,0,0
merging-accounts,1298,0,0,0,11,11,13,19,0,19,27,0,14,1,15,8,22,0,47,0,16,1.02,0,0,0
integration-testing,1279,0,0,0,8,9,7,14,2,10,30,0,3,0,9,5,12,0,47,0,11,2.22,6,14,1
badges,1266,0,0,0,15,14,19,29,1,24,66,0,22,0,20,8,28,0,72,0,29,1.03,1,3,0
hiring,1265,0,0,0,8,9,5,16,2,17,30,0,8,6,10,2,11,0,43,0,8,0.35,2,18,1
professional-development,1262,0,0,0,9,12,8,21,1,13,39,0,8,0,12,5,18,0,38,1,9,11.31,1,8,1
pricing,1260,0,0,0,9,10,8,19,1,25,55,0,6,2,18,6,30,0,68,0,21,4.51,1,5,1
recruiting,1258,0,0,0,4,7,8,18,2,10,27,0,8,3,5,0,11,0,42,0,4,3.38,2,20,1
stack-mail,1255,0,0,0,4,5,8,13,0,13,52,0,12,0,13,0,19,0,64,1,15,1.17,0,0,0
setup,1251,0,0,0,3,3,0,4,1,3,9,0,0,0,3,1,3,0,9,0,0,1.33,1,9,0
demo,1251,0,0,0,10,14,19,26,2,20,62,1,15,1,18,7,27,0,85,2,31,0.64,2,6,0
google-calendar,1232,0,0,0,11,11,5,17,2,17,26,0,1,2,10,6,16,0,41,0,5,0.43,2,9,0
scheduler,1221,0,0,0,10,8,11,18,1,14,44,0,5,0,13,3,14,0,59,0,16,0.68,2,0,0
permissions,1221,0,0,0,14,17,19,32,0,24,51,0,23,0,20,2,28,0,65,0,30,0.61,0,0,0
forrester,1217,0,0,0,11,8,7,14,2,16,28,0,4,0,12,6,22,0,34,0,16,1.03,4,17,0
help-center,1216,0,0,0,10,10,14,21,0,21,53,0,14,0,16,5,23,0,69,0,26,0.46,0,0,0
unanswered-questions,1207,0,0,0,14,11,11,25,0,19,55,0,8,1,17,2,23,0,66,0,9,0.97,0,0,0
notifications,1203,0,0,0,15,13,20,28,1,24,49,0,19,4,17,2,24,0,51,0,23,3.74,1,0,0
company-meetup,1201,0,0,0,9,8,6,18,1,11,37,0,7,1,6,2,11,0,44,0,5,9.9,2,10,3
nda,1186,0,0,0,12,12,10,21,0,21,28,0,2,0,18,2,29,0,49,1,17,0.32,0,0,0
technical-services,1180,0,0,0,3,3,7,11,3,4,6,0,3,1,2,1,3,0,9,0,8,5.21,7,18,3
conversion-pixel,1180,0,0,0,9,11,12,18,0,24,49,0,11,2,11,7,25,0,58,0,18,4.81,0,0,0
signalfx,1169,0,0,0,4,4,3,9,4,8,11,0,0,0,8,5,9,0,16,0,4,0.35,17,12,2
accessibility,1160,0,0,0,13,12,14,25,1,16,33,0,15,2,11,3,17,0,43,0,9,14.1,2,20,1
stackexchange-api,1150,0,0,0,8,8,9,17,0,14,32,0,12,1,12,1,17,0,61,0,14,3.21,0,0,0
question-answering,1144,0,0,0,10,12,14,24,0,18,58,0,19,3,12,2,21,0,75,1,16,0.36,0,0,0
outdated-answers,1144,0,0,0,8,9,10,20,2,12,31,0,7,1,9,1,16,0,52,1,15,0.8,4,15,2
business-value,1141,0,0,0,12,13,11,22,1,20,72,0,8,1,16,6,26,0,81,0,10,3.16,2,10,2
tag-synonym,1135,0,0,0,11,13,15,22,0,19,51,0,21,1,14,1,22,0,67,1,43,4.73,0,0,0
accepted-answer,1132,0,0,0,13,19,15,27,0,19,47,0,10,0,13,2,32,0,89,2,37,0.36,0,0,0
network,1130,0,0,0,5,8,5,12,0,8,44,0,8,0,6,1,11,0,63,0,13,2.73,0,0,0
opserver,1128,0,0,0,11,11,6,16,0,16,34,0,1,1,14,5,18,0,45,0,7,9.73,0,0,0
teams-collections,1127,0,0,0,9,17,19,29,0,25,74,0,8,2,19,3,30,0,101,0,25,0.61,0,0,0
quality-filter,1125,0,0,0,8,8,17,24,0,12,38,0,18,0,9,0,12,0,45,0,25,0.59,0,0,0
internal-dev,1123,0,0,0,6,7,7,13,0,18,41,0,13,0,15,1,21,0,48,0,21,0.7,0,0,0
security-review,1109,0,0,0,5,11,14,21,1,12,24,0,12,0,10,1,15,0,36,1,22,4.27,1,4,4
quality-engineering,1100,0,0,0,5,5,0,6,3,11,17,0,0,0,10,10,11,0,16,0,0,0.4,6,10,0
newsletter,1099,0,0,0,4,9,7,14,3,13,32,0,15,1,8,2,20,0,45,0,17,14.21,11,14,1
product-innovation,1095,0,0,0,3,1,1,3,1,3,5,0,0,1,1,1,2,0,3,0,1,93.02,2,14,7
calculon,1092,0,0,0,5,4,3,6,1,17,39,0,4,0,14,9,18,0,50,0,6,1.12,4,2,0
stackshop,1089,0,0,0,5,6,6,8,0,17,61,0,8,0,15,6,25,0,88,1,17,0.11,0,0,0
upgrade,1076,0,0,0,6,8,7,17,1,9,29,0,2,0,8,4,11,0,41,0,12,0.66,1,1,0
country,1070,0,0,0,6,5,13,16,0,12,28,0,9,0,8,0,15,0,39,0,16,1.33,0,0,0
site-state-changes,1067,0,0,0,6,7,5,10,0,13,32,0,17,0,10,9,14,0,23,0,6,40.75,0,0,0
branding,1065,2,0,2,5,9,6,14,0,12,25,0,7,1,9,4,15,1,59,0,10,1.97,0,0,0
user-onboarding,1063,0,0,0,6,7,6,12,2,17,49,0,2,1,13,1,17,0,47,0,19,16.27,2,7,0
apple-devices,1055,0,0,0,6,6,3,8,0,6,25,0,0,0,5,2,7,0,36,0,6,0.61,0,0,0
jobs,1053,0,0,0,5,6,6,10,0,13,41,0,13,2,8,1,16,0,34,0,12,14.13,0,0,0
bamboo,1048,0,0,0,8,10,3,13,1,16,42,0,5,0,14,7,18,0,56,0,3,12.5,2,0,1
microsoft-azure-marketplace,1043,0,0,0,8,8,12,17,1,13,35,0,10,1,11,1,22,0,46,2,6,4.3,1,2,0
sdr,1042,4,0,4,5,5,4,9,3,19,26,0,3,2,14,1,22,13,32,0,5,0.05,3,6,5
winter-bash-internals,1034,0,0,0,3,3,2,4,0,16,14,0,0,0,16,15,16,0,24,0,2,0.22,0,0,0
travel,1030,0,0,0,7,7,6,15,0,8,28,0,6,0,6,1,11,0,43,0,9,2.28,0,0,0
chat,1027,0,0,0,6,8,7,12,0,16,43,0,8,1,12,5,20,0,58,0,13,6.89,0,0,0
customer-success-eb,1026,0,0,0,9,8,5,11,0,17,29,0,1,1,10,12,19,0,30,0,8,15.92,0,0,0
cookie,1026,0,0,0,11,12,17,27,1,17,26,0,8,2,9,3,16,0,33,0,17,14.42,1,1,0
error,1025,0,0,0,9,11,17,24,0,17,37,1,6,2,13,8,17,0,39,0,22,1.15,0,0,0
case-study,1023,0,0,0,6,8,3,13,1,12,27,0,5,2,8,0,16,0,19,0,5,7.3,1,12,4
password,1022,0,0,0,7,9,5,16,0,13,38,0,5,0,11,2,16,0,38,0,10,1.13,0,0,0
workspace-one,1007,0,0,0,4,2,4,7,0,7,21,0,2,1,6,5,6,0,27,0,5,0.52,0,0,0
knowledge-ingestion,1006,4,0,4,9,5,8,13,2,12,37,0,3,0,11,5,12,7,40,0,9,0.59,2,11,3
impersonation,1000,0,0,0,6,6,6,11,1,7,30,0,3,0,5,0,11,0,34,0,10,1.09,1,9,1
monitoring,999,0,0,0,8,5,6,15,5,15,40,0,13,3,9,5,15,0,31,0,7,12.1,6,10,6
microsoft-office,994,0,0,0,5,5,4,10,0,6,18,0,3,0,5,1,6,0,31,0,2,2.07,0,0,0
developer-survey,989,0,0,0,9,7,9,16,1,22,28,1,5,2,16,8,25,0,62,0,10,0.76,4,4,0
chatgpt,985,0,0,0,6,11,7,19,1,6,33,0,0,0,6,2,11,0,92,1,7,2.05,1,16,0
connectivity,984,0,0,0,9,8,14,18,3,11,32,0,4,0,9,3,12,0,40,1,20,0.75,5,20,13
health-insurance,983,0,0,0,7,9,4,14,1,10,26,0,0,0,6,4,13,0,28,0,11,0.14,1,33,6
community-engagement,974,0,0,0,11,12,11,22,2,14,31,0,15,1,7,2,22,0,54,0,15,1.63,2,4,0
video,969,0,0,0,6,16,10,22,1,15,45,0,10,0,12,4,23,0,58,0,23,0.35,1,6,1
product-management,969,0,0,0,2,2,6,9,3,2,34,0,5,0,1,0,6,0,66,0,13,4.42,3,23,0
modular-monolith,969,0,0,0,2,1,3,6,4,3,5,0,1,0,3,2,3,0,5,0,3,236.94,5,32,3
character-limit,960,0,0,0,12,16,14,27,0,19,39,0,13,0,14,2,23,0,72,0,30,0.94,0,0,0
teardown,955,0,0,0,2,2,0,2,1,2,8,0,0,0,2,2,2,0,6,0,0,0,2,8,1
for-you,952,0,0,0,11,8,15,19,2,13,28,0,13,0,11,1,16,0,37,0,24,0.95,2,13,2
traffic,949,0,0,0,10,10,6,19,0,18,31,0,7,1,11,1,21,0,46,0,11,9.1,0,0,0
enterprise-search,949,0,0,0,5,10,10,16,0,13,33,0,10,2,9,1,20,0,49,0,14,2.43,0,0,0
datadog,945,0,0,0,13,12,6,19,8,20,35,0,1,1,18,10,20,0,45,0,7,7.22,8,14,6
beta-testing,944,0,0,0,4,6,4,8,1,9,32,0,5,0,6,3,11,0,23,0,5,2.13,1,8,4
custom-awards,943,0,0,0,10,8,13,22,1,14,48,0,15,0,12,0,16,0,46,0,25,0.71,1,2,1
kubernetes,942,0,0,0,4,7,3,9,1,11,18,0,2,0,11,9,14,0,37,0,10,6.36,1,1,0
community-metrics,940,0,0,0,3,6,10,11,0,7,17,0,11,0,5,3,11,0,18,0,6,341.44,0,0,0
true-ups,931,0,0,0,9,8,13,19,2,13,20,0,10,3,10,1,12,0,27,0,11,4.42,2,4,0
ui,928,0,0,0,7,11,12,23,2,18,45,0,16,6,10,1,14,0,48,1,18,0.58,2,3,0
templates,928,0,0,0,9,11,4,17,1,14,16,0,3,2,7,3,12,0,19,0,4,0.12,1,6,0
comments,923,0,0,0,12,10,13,23,0,17,57,0,6,1,13,0,19,0,62,0,29,0.36,0,0,0
high-availability,920,0,0,0,7,7,9,15,0,8,23,0,4,0,8,0,11,0,31,0,23,3.17,0,0,0
privacy,919,0,0,0,15,13,11,30,1,16,43,0,7,0,13,2,21,0,55,0,11,23.53,1,1,0
orgchart,919,0,0,0,5,5,4,9,1,5,15,1,3,0,3,2,6,0,13,0,4,2.18,1,7,0
questions-for-confluence,917,0,0,0,2,8,3,10,1,7,25,0,8,0,5,1,12,0,36,0,9,15.15,1,4,2
community-emergency-duty,907,0,0,0,3,3,4,4,0,5,17,0,8,1,3,2,5,0,21,0,5,0.38,0,0,0
power-bi,896,0,0,0,3,6,5,12,3,5,13,0,3,1,2,2,9,0,26,2,4,0.34,8,15,4
documents,895,0,0,0,2,5,6,9,0,8,16,0,5,0,5,1,10,0,27,0,9,0.75,0,0,0
iterable,890,0,0,0,7,8,3,12,1,21,37,0,9,0,19,11,22,0,42,0,8,5.94,1,2,0
pdec,883,1,0,1,9,12,8,18,1,10,44,0,6,0,7,5,15,0,56,0,13,166.0,8,0,0
google-workspace,868,0,0,0,4,6,2,8,1,7,11,0,4,1,5,2,6,0,14,0,0,76.02,1,9,0
providence,866,0,0,0,6,8,11,16,1,14,34,0,6,2,10,2,14,0,32,0,13,82.29,1,1,0
product-experience,860,3,0,3,8,8,13,21,2,12,40,0,12,1,11,3,14,8,38,0,7,6.75,2,6,1
bookmarks,860,0,0,0,7,10,13,19,0,15,58,0,6,2,12,1,15,0,57,1,25,1.28,0,0,0
backup,859,0,0,0,8,8,14,21,0,11,25,0,5,0,11,2,12,0,38,0,13,5.23,0,0,0
engagement-solutions,858,0,0,0,4,3,6,6,0,10,28,0,6,0,5,2,10,0,36,0,9,83.49,0,0,0
surveys,857,0,0,0,8,10,9,18,1,15,24,0,21,2,9,6,17,0,27,0,3,15.65,1,4,1
sla,856,0,0,0,6,8,6,13,2,10,18,0,0,0,8,3,12,0,28,0,15,2.05,2,1,1
customer-insights,848,0,0,0,7,12,8,17,1,13,34,0,9,1,10,2,15,0,30,0,4,11.14,1,4,0
builds,837,0,0,0,2,2,7,9,1,3,27,0,0,0,3,1,3,0,28,0,11,0.08,1,1,2
tools,831,0,0,0,7,6,4,13,0,13,22,0,8,1,8,5,17,0,34,0,5,0.31,0,0,0
direct-to-developers,828,0,0,0,8,10,4,13,1,17,8,0,2,3,10,5,18,0,20,0,5,0.86,2,0,1
company-awareness,828,0,0,0,5,4,6,7,3,33,15,0,2,0,29,23,33,0,19,0,21,1.21,3,8,0
sow,821,0,0,0,3,3,3,6,0,16,25,0,9,0,13,2,19,0,49,2,14,1.46,0,0,0
go-to-market,819,0,0,0,0,0,0,2,2,0,0,0,0,0,0,0,0,0,0,0,0,0,5,20,13
learn-share-grow,812,0,0,0,5,9,2,14,2,5,15,0,2,0,4,1,13,0,28,0,1,1.95,4,16,1
build,803,0,0,0,4,7,6,9,2,13,29,0,6,0,10,4,18,0,50,0,15,1.1,2,1,1
targeting,792,0,0,0,9,10,8,15,0,24,24,0,11,4,12,6,25,0,29,0,12,3.43,0,0,0
tag-watching,784,0,0,0,9,11,13,24,0,16,41,0,11,3,11,0,14,0,54,0,18,0.74,0,0,0
naming,782,0,0,0,7,6,11,18,1,9,36,0,7,0,8,3,12,0,41,1,11,1.31,1,3,2
commissions,778,0,0,0,3,3,2,5,1,5,14,0,0,1,4,0,5,0,16,0,3,0.36,2,6,0
adserver,775,0,0,0,5,4,4,6,1,14,25,0,5,0,9,9,14,0,28,0,1,65.51,3,1,0
typescript,765,0,0,0,3,3,2,5,1,5,22,0,2,0,5,3,5,0,29,0,8,12.81,1,4,0
infrastructure,762,0,0,0,4,6,5,11,1,8,34,0,4,0,6,2,9,0,47,0,6,1.24,1,2,0
moonspeak,761,0,0,0,5,6,8,9,0,12,36,0,22,1,8,4,14,0,36,0,11,24.77,0,0,0
leads,758,0,0,0,2,2,3,4,0,15,26,0,4,2,8,5,14,0,13,0,6,1.5,0,0,0
blog,756,0,0,0,9,8,9,16,1,15,30,0,14,1,8,6,15,0,47,1,10,6.98,1,0,0
working-at-stack,755,0,0,0,2,7,6,9,0,6,26,0,6,0,6,0,9,0,41,0,11,2.14,0,0,0
staging-ground,751,0,0,0,5,17,8,20,2,11,25,0,2,1,7,2,36,0,47,0,38,0.85,3,5,1
graphical-logo,751,0,0,0,7,12,5,17,0,12,23,0,4,1,9,4,14,0,36,0,12,0.61,0,0,0
core-engineering,751,0,0,0,0,0,0,3,3,0,0,0,0,0,0,0,0,0,0,0,0,0,3,8,10
product-documentation,748,0,0,0,4,5,6,11,1,9,24,0,1,0,9,5,10,0,39,0,6,77.22,4,8,0
import,748,0,0,0,6,7,7,14,0,9,23,0,4,1,8,0,11,0,32,0,6,9.21,0,0,0
tax,742,0,0,0,3,4,3,7,0,14,21,0,1,2,10,5,13,0,32,0,4,0.36,0,0,0
retrospectives,736,0,0,0,5,8,6,11,0,5,32,0,1,0,2,3,20,0,113,3,31,73.17,0,0,0
observability,730,0,0,0,3,3,1,10,6,4,5,0,0,0,3,1,4,0,9,0,1,23.93,8,14,5
downgrade,729,0,0,0,2,2,4,6,0,3,9,0,2,0,3,0,3,0,9,0,5,2.48,0,0,0
views,728,0,0,0,9,10,11,20,1,11,40,0,9,0,8,2,12,0,29,0,9,4.87,1,0,0
ask-team-members,726,0,0,0,9,10,14,22,0,13,31,0,18,1,11,0,14,0,35,0,18,3.51,0,0,0
site-sponsorship,722,0,0,0,5,5,6,9,0,8,25,0,4,1,3,2,7,0,25,0,4,2.7,0,0,0
machine-learning,722,1,0,1,4,9,7,13,2,8,35,0,4,0,7,5,16,3,46,0,6,17.79,2,4,0
webhooks,718,0,0,0,8,9,17,22,0,16,39,0,14,2,12,2,17,0,44,0,10,0.32,0,0,0
display-name,716,0,0,0,9,11,12,22,0,12,34,0,7,3,6,0,12,0,45,0,11,2.02,0,0,0
mobile,711,0,0,0,8,10,11,21,0,13,31,0,7,1,9,1,14,0,40,0,11,4.32,0,0,0
compliance,705,0,0,0,7,9,6,19,2,10,23,0,2,0,8,4,14,0,29,0,4,12.86,2,5,0
domains,702,0,0,0,10,12,15,23,0,11,23,0,10,0,8,4,12,0,39,0,14,0.56,0,0,0
billing-exchange,700,0,0,0,7,9,7,13,0,17,25,0,6,0,15,11,18,0,27,0,6,295.47,0,0,0
merging-tags,698,0,0,0,9,10,14,20,0,11,34,0,10,0,9,1,14,0,41,1,32,1.64,0,0,0
quoting,696,0,0,0,1,1,3,3,0,2,16,0,2,0,2,0,2,0,12,0,11,0.27,0,0,0
erg,696,0,0,0,4,5,4,10,3,5,13,0,0,0,5,2,7,0,16,0,5,1488.48,3,10,1
social-media,693,0,0,0,7,6,5,12,2,12,21,0,6,0,10,3,14,0,37,2,6,0.58,2,3,2
stock-options,688,0,0,0,4,7,4,10,0,11,18,0,3,0,8,1,13,0,16,0,2,2.12,0,0,0
docusign,683,0,0,0,3,3,3,6,0,10,17,0,0,0,6,3,11,0,23,0,8,2.31,0,0,0
github-copilot,674,0,0,0,3,4,6,10,1,4,15,0,2,1,3,3,5,0,31,0,6,0,2,7,4
cm-escalations,672,0,0,0,3,4,3,6,0,6,26,0,3,0,6,4,6,0,29,0,6,19.35,0,0,0
topic-collectives,671,0,0,0,3,2,2,7,4,3,3,0,0,1,1,1,2,0,2,0,3,0.7,7,16,2
runbook,660,0,0,0,0,0,0,6,6,0,0,0,0,0,0,0,0,0,0,0,0,0,26,13,3
operations,659,0,0,0,5,4,6,9,1,7,17,0,0,1,3,1,8,0,19,0,8,1294.87,1,8,0
401k,653,0,0,0,2,3,3,5,1,8,27,0,1,0,7,1,9,0,20,0,3,17907.96,1,4,0
beta-sites,650,0,0,0,4,4,2,7,0,5,16,0,8,0,2,2,6,0,9,0,0,73.88,0,0,0
smb,649,0,0,0,3,10,10,15,0,14,23,0,5,0,13,4,17,0,38,0,17,1.09,0,0,0
html-email,649,0,0,0,3,4,5,8,0,9,29,0,5,0,9,2,14,0,29,0,6,9.27,0,0,0
sendgrid,648,0,0,0,4,7,10,14,0,9,21,0,8,2,6,1,9,0,21,0,19,4.76,0,0,0
markdown,647,0,0,0,13,14,14,26,0,18,16,0,13,1,12,3,22,0,55,0,20,0.59,0,0,0
css,646,0,0,0,2,5,4,6,0,10,31,0,5,0,9,4,14,0,51,0,8,0.61,0,0,0
partnerships,645,1,0,1,7,7,9,15,1,9,33,0,4,0,7,1,12,5,36,0,5,27.97,1,1,0
stackexchange.com,642,0,0,0,6,8,6,10,1,9,16,0,11,1,6,0,8,0,13,0,5,0.64,1,10,0
pii,642,0,0,0,10,9,10,18,0,13,23,0,7,3,9,2,12,0,27,0,11,13.72,0,0,0
penetration-testing,639,0,0,0,4,5,6,10,0,10,28,1,4,1,7,1,11,0,36,0,18,0.54,0,0,0
datacenter,638,0,0,0,4,5,2,9,1,5,13,0,0,1,4,0,9,0,34,0,2,3.07,1,6,1
payroll,637,0,0,0,4,9,5,13,1,9,22,0,2,0,7,1,10,0,26,0,10,1.17,1,3,0
ama,637,0,0,0,1,2,2,5,2,2,5,0,1,0,2,1,3,0,5,0,2,0.56,2,11,2
seeding,636,0,0,0,6,10,7,15,1,7,24,0,3,0,6,0,12,0,52,0,5,1.07,1,9,0
redaction,633,0,0,0,6,6,7,11,0,7,24,0,4,1,5,2,6,0,25,0,13,40.69,0,0,0
microservices,631,0,0,0,1,5,7,9,1,1,4,0,0,0,0,0,5,0,13,1,22,0.07,1,19,0
mathjax,629,0,0,0,6,8,12,16,0,8,24,0,20,1,4,1,8,0,11,0,6,3.85,0,0,0
cache,622,0,0,0,4,2,5,7,1,6,28,0,3,0,4,1,8,0,30,0,4,21.2,1,6,1
reliability-engineering,621,0,0,0,0,0,0,1,1,0,0,0,0,0,0,0,0,0,0,0,0,0,1,5,2
design-onboarding,621,0,0,0,2,2,1,3,2,3,8,0,5,0,3,1,3,0,8,0,0,526.7,4,16,1
uat,618,0,0,0,10,10,8,19,0,13,27,0,2,0,13,0,14,0,42,0,21,0.4,0,0,0
linkedin,617,0,0,0,6,9,6,14,1,14,15,0,3,4,7,4,14,0,38,0,3,8.64,1,0,0
nuget,611,0,0,0,3,7,4,9,1,10,32,0,5,0,10,6,15,0,38,1,6,0.87,1,2,2
dev-story,607,0,0,0,3,1,3,4,0,10,38,0,5,1,8,3,9,0,34,0,7,18.64,0,0,0
cloud,607,0,0,0,2,3,6,11,3,5,19,0,1,0,4,0,5,0,33,0,11,1.11,3,2,0
xml-feed,605,0,0,0,6,5,5,9,0,8,20,0,4,1,7,2,8,0,19,0,11,15.94,0,0,0
onebox,602,0,0,0,3,3,7,7,0,3,25,0,6,0,2,1,6,0,24,0,3,0.47,0,0,0
deib-council,601,0,0,0,1,1,2,6,3,2,11,0,0,0,2,2,2,0,12,0,2,0,3,10,9
pr-environments,600,0,0,0,8,8,7,12,3,11,15,0,3,1,7,1,10,0,12,0,8,1.32,3,13,0
closed-questions,599,0,0,0,7,7,11,14,0,11,27,0,10,0,10,1,11,0,41,0,19,1.54,0,0,0
unique-visitors,587,0,0,0,5,8,9,15,0,5,13,0,3,0,3,0,9,0,15,0,12,3.6,0,0,0
best-practices,586,0,0,0,3,8,4,10,2,9,31,0,5,1,8,5,13,0,48,0,4,61.81,5,2,0
terraform,582,0,0,0,2,6,2,6,1,11,8,0,0,0,10,2,13,0,13,0,11,1.59,2,3,1
azure-active-directory,581,0,0,0,4,6,9,13,1,6,10,0,8,1,5,0,6,0,9,0,12,140.72,1,3,0
customer-enablement,579,0,0,0,5,7,4,9,2,10,35,0,5,1,6,1,10,0,28,0,3,0.33,2,22,2
anonymous-users,576,0,0,0,5,6,9,12,0,9,23,0,13,2,5,2,8,0,32,0,15,0.18,0,0,0
vote-invalidation,575,0,0,0,6,6,6,12,1,7,17,0,14,1,5,5,7,0,20,0,6,126.78,1,1,0
git,573,0,0,0,5,8,3,12,2,11,28,0,7,0,8,3,14,0,46,0,10,2.11,2,1,0
product-development,572,0,0,0,2,6,10,12,1,9,20,0,5,0,8,1,10,0,31,0,18,16.07,1,1,0
site-banner,567,0,0,0,9,10,10,18,0,11,25,1,12,1,6,0,12,0,26,0,10,1.45,0,0,0
architecture-decision-record,567,0,0,0,0,0,0,6,6,0,0,0,0,0,0,0,0,0,0,0,0,0,12,10,1
chestnut,565,0,0,0,2,2,0,3,0,3,13,0,0,0,3,0,4,0,22,0,0,4.37,0,0,0
developer,564,0,0,0,4,5,4,10,1,7,18,0,1,0,6,5,7,0,17,0,3,9683.54,1,7,1
fuze,562,0,0,0,3,2,0,3,1,3,3,0,0,0,1,2,3,0,6,0,0,25.83,2,2,0
design-systems,557,0,0,0,2,5,6,9,0,7,21,0,8,0,7,3,15,0,42,0,10,0.99,0,0,0
database-backups,554,0,0,0,9,6,12,18,1,10,12,0,10,1,7,3,9,0,14,0,5,36.92,1,1,0
roles,553,0,0,0,10,9,8,19,4,10,19,0,7,1,7,1,9,0,22,0,4,1.49,4,6,4
idp,553,0,0,0,6,5,12,14,0,8,17,0,2,0,7,0,10,0,21,0,19,2.19,0,0,0
mabl,550,0,0,0,3,3,0,5,2,5,13,0,0,0,5,5,5,0,12,0,0,0,2,8,0
data-science,549,0,0,0,2,2,1,6,3,3,8,0,0,0,3,3,3,0,10,0,1,0,9,31,4
operative-one,539,0,0,0,6,4,6,10,0,12,10,0,3,3,7,5,9,0,10,0,3,0.22,0,0,0
fqdn,535,0,0,0,3,5,9,12,2,5,5,0,9,0,5,1,6,0,10,0,4,5.47,2,6,2
uk-employee,527,0,0,0,2,1,2,4,1,3,10,0,2,1,2,0,2,0,9,0,3,1.41,1,33,6
automation,525,0,0,0,7,7,4,13,0,9,25,0,1,1,6,1,12,0,44,0,3,2.3,0,0,0
continuous-feedback,524,0,0,0,2,2,0,3,2,2,15,0,0,0,2,2,2,0,20,0,0,0,3,13,1
sigstr,523,0,0,0,2,2,2,3,0,3,12,0,0,0,3,2,4,0,12,0,2,0.29,0,0,0
mention,523,0,0,0,3,7,11,13,0,5,22,0,10,0,5,0,10,0,32,1,23,16.25,0,0,0
backend,520,0,0,0,0,0,0,2,2,0,0,0,0,0,0,0,0,0,0,0,0,0,2,16,4
area-51,516,0,0,0,5,4,2,8,0,5,12,0,4,0,4,1,5,0,14,0,0,98.35,0,0,0
tag-sponsorship,514,0,0,0,3,4,8,9,0,10,16,0,1,0,6,5,14,0,18,0,19,5.44,0,0,0
rate-limiting,514,0,0,0,7,6,10,14,0,9,12,0,10,1,7,1,8,0,22,0,9,3.29,0,0,0
office,510,0,0,0,4,4,6,11,0,5,30,0,5,0,3,0,5,0,32,0,5,5.85,0,0,0
talent-reporting,507,0,0,0,4,6,5,8,0,18,21,0,6,2,12,1,16,0,26,0,15,3.0,0,0,0
renewal,503,0,0,0,6,9,6,16,0,13,31,0,3,0,13,6,15,0,41,0,8,2.41,0,0,0
contests,503,0,0,0,3,4,4,6,1,7,17,0,2,0,4,2,9,0,19,0,9,0.13,1,13,0
byok,503,0,0,0,3,3,6,8,0,5,15,0,4,1,4,0,4,0,22,0,8,1.57,0,0,0
encryption,502,0,0,0,3,6,7,9,0,10,11,0,2,2,5,0,10,0,24,0,10,2.08,0,0,0
appsettings,502,0,0,0,3,2,4,6,0,5,13,0,2,0,5,2,6,0,18,0,13,13.95,0,0,0
dbre,501,0,0,0,4,2,1,5,2,6,7,0,1,1,5,4,5,0,7,0,1,0.08,7,8,0
proxy-redirect,500,0,0,0,4,5,7,11,0,4,21,0,4,0,3,0,5,0,20,0,9,66.14,0,0,0
slt,499,0,0,0,4,5,1,8,0,6,17,0,0,0,1,0,6,0,12,0,1,4.77,0,0,0
flow-state,498,0,0,0,5,5,2,9,1,5,16,0,1,0,5,2,7,0,29,0,1,0.27,1,4,0
flags,493,0,0,0,6,8,7,14,0,12,38,0,3,1,9,2,13,0,42,0,9,1.64,0,0,0
sort,490,0,0,0,8,8,13,18,1,8,21,0,12,1,6,2,8,0,24,1,16,0.47,1,3,0
linux,482,0,0,0,4,4,3,8,0,6,26,0,2,0,6,1,8,0,42,0,7,1.7,0,0,0
duplicate-questions,482,0,0,0,5,6,11,17,0,8,23,1,10,2,5,0,8,0,24,0,9,1.08,0,0,0
strategic-priorities-foundations,480,0,0,0,3,4,3,7,0,5,18,0,4,0,5,2,6,0,28,0,4,0.98,0,0,0
talent-ads,478,0,0,0,8,7,6,14,1,12,20,0,2,3,7,2,11,0,24,0,7,2.51,1,2,0
google,476,0,0,0,5,7,5,11,0,11,18,0,14,1,7,5,12,0,20,0,2,0.64,0,0,0
dealdesk,475,0,0,0,5,10,4,13,0,10,17,0,2,0,8,0,15,0,21,0,7,1.14,0,0,0
community-bulletin,474,0,0,0,4,4,5,7,0,7,10,0,14,2,3,2,5,0,17,0,3,14.01,0,0,0
ssl,470,0,0,0,6,7,4,12,1,8,16,0,1,0,7,5,8,0,19,0,5,2.01,2,6,0
followed-posts,467,0,0,0,4,6,7,13,0,8,25,0,6,0,7,0,10,0,41,1,10,0.53,0,0,0
stack-a-thon,465,0,0,0,4,6,7,9,1,4,15,0,1,0,3,1,7,0,26,0,7,0.42,1,9,0
msa,465,0,0,0,6,7,5,12,0,11,21,0,3,1,8,2,14,0,21,0,7,0.71,0,0,0
force-management,465,0,0,0,2,2,0,2,0,3,20,0,0,0,3,1,3,0,29,0,0,0.01,0,0,0
webpack,459,0,0,0,2,2,2,2,0,3,11,0,0,0,3,3,3,0,19,0,4,0,0,0,0
discourse,453,0,0,0,1,3,5,7,1,3,12,0,6,0,2,0,5,0,21,0,5,19.03,1,4,0
core-values,453,0,0,0,2,4,3,5,0,2,27,0,0,0,2,1,4,0,32,0,3,0.76,0,0,0
offboarding,452,0,0,0,3,2,8,9,0,4,19,1,8,1,3,0,3,0,16,0,13,4250.2,0,0,0
media-planning,452,0,0,0,5,5,2,6,0,6,11,0,0,0,5,4,6,0,14,0,3,9.57,0,0,0
referrals,446,0,0,0,3,4,4,8,0,5,15,0,2,1,4,1,4,0,22,0,3,3.38,0,0,0
deleted-teams,445,0,0,0,5,3,3,6,0,5,19,0,3,0,5,0,6,0,19,0,2,4.64,0,0,0
marketo,440,0,0,0,7,6,7,12,1,12,20,0,9,1,11,8,11,0,22,0,1,0.4,1,0,0
architecture-guild,440,0,0,0,0,0,0,5,5,0,0,0,0,0,0,0,0,0,0,0,0,0,7,9,0
brg,439,0,0,0,1,3,1,4,0,1,12,0,0,0,1,0,5,0,21,1,3,22.32,0,0,0
software,434,0,0,0,5,6,4,11,0,6,11,0,1,0,5,1,10,0,18,0,8,50.15,0,0,0
amplitude-analytics,434,0,0,0,9,6,10,16,0,11,22,0,7,4,7,0,8,0,21,2,6,0.28,0,0,0
pluralization,433,0,0,0,2,5,4,6,0,4,14,0,8,0,2,1,6,0,17,0,8,24.77,0,0,0
sales-dashboard,431,0,0,0,3,5,4,6,0,9,28,0,10,1,5,1,8,0,22,0,7,1.21,0,0,0
cm-tools,431,0,0,0,5,6,4,9,0,6,17,0,6,0,6,4,8,0,21,0,9,50.33,0,0,0
google-dfp,430,0,0,0,6,6,6,10,0,8,13,0,2,0,3,2,9,0,15,0,7,7.21,0,0,0
python,429,0,0,0,3,6,6,8,1,8,8,0,6,0,3,1,13,0,18,0,27,0.48,1,5,0
bounty,428,0,0,0,4,3,7,9,0,6,14,0,13,1,4,1,5,0,13,0,8,88.33,0,0,0
teams-github-integration,427,0,0,0,4,7,6,12,0,9,18,0,6,1,7,1,10,0,28,0,7,0.49,0,0,0
content-curation,427,0,0,0,2,3,3,5,1,3,3,0,2,1,2,0,3,0,5,0,3,21.5,2,8,1
opensvn,425,0,0,0,1,3,4,7,0,1,11,0,0,0,1,0,3,0,14,0,5,0.02,0,0,0
goal-setting,420,0,0,0,2,2,2,4,2,2,0,0,0,0,2,2,2,0,1,0,2,0,2,8,0
exceptions,420,0,0,0,6,5,7,11,0,8,27,0,13,2,5,1,7,0,21,0,6,7.8,0,0,0
a-b-experiment,419,0,0,0,5,5,8,10,0,14,23,0,12,3,8,1,11,0,15,0,15,0.67,0,0,0
chatbot,416,0,0,0,3,4,2,7,0,5,14,0,2,0,4,2,6,0,24,0,0,0.54,0,0,0
warp,414,0,0,0,0,0,0,3,3,0,0,0,0,0,0,0,0,0,0,0,0,0,4,8,0
tour-page,413,0,0,0,5,6,6,11,0,6,15,0,5,0,6,0,8,0,23,0,10,216.26,0,0,0
ldap,413,0,0,0,4,5,7,10,1,5,10,0,0,0,5,1,7,0,23,0,18,0.49,1,0,0
pickles,412,0,0,0,2,2,4,5,0,3,19,0,3,0,3,0,4,0,12,1,3,0.24,0,0,0
expense-reports,412,0,0,0,6,5,4,10,0,7,17,0,2,0,5,4,7,0,24,0,4,2.16,0,0,0
community-translations,411,0,0,0,5,3,5,7,0,7,14,0,7,1,5,2,7,0,20,0,8,11.96,0,0,0
user-engagement,410,0,0,0,6,4,5,12,1,7,14,0,6,2,4,0,5,0,16,0,0,20.29,1,6,0
conference,410,0,0,0,3,5,3,9,1,5,10,0,2,0,3,1,8,0,18,0,4,5.12,1,3,0
candidate-database,409,0,0,0,2,4,5,6,0,12,30,0,7,0,7,1,15,0,29,1,18,0.59,0,0,0
salesforce-merge,408,0,0,0,3,1,1,3,0,4,12,0,0,0,4,1,5,0,17,0,1,19.44,0,0,0
the-key,406,0,0,0,6,6,6,11,1,9,18,0,5,1,5,3,9,0,22,0,5,17.52,1,1,3
software-licenses,406,0,0,0,7,7,3,13,0,7,13,0,0,0,6,1,9,0,25,0,5,2.88,0,0,0
certificate,405,0,0,0,7,7,3,12,2,7,9,0,2,0,6,5,7,0,11,0,1,0.74,3,7,0
backstage,404,0,0,0,2,5,3,7,0,4,14,0,2,0,2,0,7,0,19,0,3,9.54,0,0,0
user-preferences,401,0,0,0,7,8,10,15,0,10,12,0,4,1,8,1,11,0,25,0,14,3.96,0,0,0
mobile-device-management,401,0,0,0,2,1,1,3,0,3,14,0,0,0,3,2,3,0,18,0,1,0.52,0,0,0
inbox,401,0,0,0,4,5,7,10,0,8,12,0,2,0,8,2,8,0,16,0,6,9.18,0,0,0
culture-amp,400,0,0,0,3,3,0,5,1,3,2,0,0,0,2,2,3,0,4,0,0,10464.03,2,9,0
the-wiki,399,0,0,0,4,8,5,10,0,5,10,0,1,0,4,3,9,0,19,0,4,0.8,0,0,0
ironclad,398,0,0,0,6,7,4,10,1,10,13,0,0,1,8,2,11,0,16,0,5,0.69,1,0,0
stacks-editor,396,0,0,0,6,6,11,15,1,9,15,0,8,2,6,1,9,0,24,0,17,0.52,1,0,0
zapier,395,0,0,0,3,2,2,6,0,5,15,0,2,0,3,2,7,0,22,0,0,65.29,0,0,0
enterprise-beta-program,394,0,0,0,2,2,0,3,1,3,8,0,0,0,3,2,3,0,8,0,0,0.3,1,8,4
clients,393,0,0,0,2,4,4,6,0,7,12,0,3,1,4,0,7,0,19,0,8,1.87,0,0,0
emea,392,0,0,0,4,5,4,8,0,8,17,0,3,0,4,0,8,0,17,0,4,3.48,0,0,0
bot,392,0,0,0,6,6,3,11,0,6,13,0,3,0,3,1,6,0,17,0,0,0.95,0,0,0
docker,388,0,0,0,6,7,3,13,2,9,13,0,3,0,6,2,12,0,19,0,4,0.81,2,5,0
community-digests,388,0,0,0,8,10,3,16,0,9,22,0,5,3,5,1,11,0,36,0,3,0.86,0,0,0
transifex,386,0,0,0,2,2,4,4,0,5,13,0,7,1,3,0,5,0,21,0,6,1.56,0,0,0
svg,385,0,0,0,5,5,7,12,0,6,7,0,4,0,5,3,6,0,6,0,6,5.5,0,0,0
april-fools,385,0,0,0,3,3,2,5,1,6,19,0,0,1,4,3,6,0,20,0,3,12744.38,1,1,3
windows-laptop,384,0,0,0,5,6,2,10,0,5,14,0,1,0,5,3,6,0,21,2,1,10.8,0,0,0
policies,382,0,0,0,5,5,3,7,2,5,9,0,1,0,5,3,5,0,12,0,2,138.07,2,5,0
close-votes,381,0,0,0,2,3,6,7,0,5,12,0,7,1,4,0,4,0,10,0,12,16.69,0,0,0
r,380,0,0,0,3,4,2,5,1,7,20,0,0,0,5,4,8,0,24,0,4,29.99,2,0,0
demand-gen,379,0,0,0,4,4,0,7,3,5,9,0,0,1,3,2,5,0,8,0,0,401.03,3,6,0
jira-integration,374,0,0,0,5,6,4,15,3,6,5,0,4,0,3,0,7,0,5,0,3,223.2,3,7,0
azure-custom-domain,373,0,0,0,3,4,7,11,1,3,4,0,2,0,2,0,4,0,10,0,10,4.42,1,0,0
google-analytics-4,371,0,0,0,3,3,1,3,1,3,3,0,0,0,3,3,3,0,4,0,1,0,7,4,0
policy,369,0,0,0,5,4,4,9,0,5,10,0,2,0,3,0,5,0,13,0,3,0.56,0,0,0
guru,369,0,0,0,3,2,7,9,1,3,6,0,9,1,0,0,2,0,4,0,0,7073.09,1,5,1
prospecting,367,0,0,0,1,3,2,3,0,7,11,0,1,0,4,2,8,0,18,0,7,0.83,0,0,0
userscripts,364,0,0,0,6,5,4,8,0,6,16,0,2,0,5,4,6,0,27,0,9,72.65,0,0,0
pull-request,364,0,0,0,3,4,1,7,1,3,5,0,2,0,2,2,4,0,7,0,1,0.18,2,8,0
adminsync,364,0,0,0,3,3,3,4,1,3,9,0,3,0,3,1,3,0,14,0,4,0.47,1,5,5
podcast,363,0,0,0,4,5,5,10,3,5,11,0,7,0,1,2,5,0,14,0,5,4.77,3,2,0
hebrides,362,0,0,0,6,7,3,12,3,7,14,0,3,0,6,5,8,0,24,0,3,0.75,3,2,0
stackexchange.exceptional,361,0,0,0,3,3,3,4,0,5,17,0,2,1,4,0,5,0,18,0,2,1.45,0,0,0
site-satisfaction-survey,360,0,0,0,1,2,2,2,1,5,6,0,3,0,5,1,5,0,6,0,5,124.91,1,2,0
product-liaison,360,0,0,0,2,2,1,4,2,3,7,0,3,0,3,2,3,0,5,0,0,0.03,3,6,2
firehydrant,359,0,0,0,6,5,3,10,2,6,14,0,2,0,6,3,6,0,16,0,1,149.32,2,4,0
pagerduty,358,0,0,0,3,2,5,7,2,3,4,0,4,1,1,0,2,0,3,0,3,0.46,3,5,0
groove,358,0,0,0,3,3,2,4,0,6,4,0,6,0,5,4,7,0,7,0,0,35.54,0,0,0
stats,356,0,0,0,6,5,8,12,0,8,13,0,6,2,4,4,6,0,9,1,7,86.43,0,0,0
recommended-candidates,355,0,0,0,4,4,4,7,0,11,20,0,10,2,5,2,9,0,13,0,6,4.75,0,0,0
conversational-q-a,355,0,0,0,1,5,5,8,0,2,4,0,0,0,0,0,18,0,7,0,7,11.19,0,0,0
community-wiki-posts,355,0,0,0,3,2,4,5,0,5,16,0,4,1,4,0,5,0,19,0,10,1.76,0,0,0
so4t-vertical-consulting,354,0,0,0,2,3,1,5,1,2,11,0,1,0,1,1,3,0,18,0,0,20.57,1,19,4
editor,354,0,0,0,6,8,8,12,0,8,9,0,7,0,4,1,10,0,11,0,12,0.69,0,0,0
large-language-model,353,0,0,0,3,3,4,9,2,4,13,0,3,1,3,1,3,0,16,0,4,1.5,2,12,1
close-reasons,353,0,0,0,3,4,4,6,0,5,16,0,5,0,3,2,6,0,15,0,4,5.12,0,0,0
awareness-team,349,0,8,8,2,2,3,5,1,2,0,0,0,0,2,1,2,0,1,1,5,0.48,8,2,1
dns,342,0,0,0,5,6,6,10,0,6,16,0,2,0,6,3,8,0,17,0,8,0.74,0,0,0
winter-bash-2018,339,0,0,0,2,2,4,4,0,2,22,0,0,0,1,1,3,0,19,0,13,0.13,0,0,0
teams-sales-personas,339,0,0,0,2,3,0,4,1,39,50,0,0,34,4,0,6,0,14,0,0,2.16,1,3,0
learning-and-development,338,0,0,0,2,8,2,10,1,2,10,0,1,0,1,0,10,0,21,0,1,1.95,2,5,0
trafficlite,337,0,0,0,2,1,1,2,0,3,13,0,0,0,2,0,5,0,17,0,6,1.56,0,0,0
databricks,337,0,0,0,2,2,2,5,2,2,2,0,0,0,2,2,3,0,6,3,2,0,2,5,0
hardware,336,0,0,0,2,4,6,9,0,2,3,0,1,0,2,0,4,0,9,0,8,1.59,0,0,0
fastly,336,0,0,0,4,5,3,7,0,5,10,0,3,0,4,1,6,0,13,0,0,25.47,0,0,0
agile,336,0,0,0,2,4,2,7,1,2,7,0,2,0,2,0,4,0,15,1,0,0.92,1,6,2
community-user,335,0,0,0,7,5,3,10,0,7,7,0,3,0,6,1,7,0,11,0,3,0.58,0,0,0
payment,334,0,0,0,4,6,4,8,0,9,10,0,0,0,5,1,16,0,13,0,10,0.32,0,0,0
twitter,333,0,0,0,4,5,3,9,0,7,16,0,6,0,3,0,8,0,25,1,4,3.1,0,0,0
hosting,331,0,0,0,3,4,6,7,0,5,11,0,9,0,4,1,6,0,17,0,4,0.25,0,0,0
fitness,331,0,0,0,2,2,2,4,0,4,16,0,3,0,4,1,6,0,23,0,0,0.46,0,0,0
ad-blockers,329,0,0,0,2,3,3,5,0,4,9,0,4,1,1,0,5,0,17,0,7,0.21,0,0,0
gmail,328,0,0,0,6,8,4,11,0,11,15,0,1,0,9,3,12,0,27,0,4,0.72,0,0,0
csv-export,327,0,0,0,5,7,5,13,0,8,16,0,4,1,5,0,7,0,17,3,6,0.4,0,0,0
azure-sql-database,325,0,0,0,2,3,0,7,3,3,8,0,0,0,1,1,3,0,7,0,0,9.18,4,4,0
google-meet,323,0,0,0,4,5,5,10,0,10,13,0,0,0,7,4,11,0,24,0,7,0.3,0,0,0
distribution-engine,322,0,0,0,1,1,1,1,0,4,9,0,0,0,3,3,4,0,4,0,3,0.42,0,0,0
incidents,321,0,0,0,6,5,4,11,0,8,17,0,1,0,7,4,9,0,21,1,4,74.05,0,0,0
alert,321,0,0,0,3,2,5,10,4,3,5,0,5,1,2,1,2,0,2,0,2,237.31,9,4,0
drafts,320,0,0,0,3,4,3,8,0,5,13,0,1,0,4,0,6,0,12,0,2,61.95,0,0,0
miniprofiler,319,0,0,0,4,4,3,5,0,6,19,0,3,0,6,2,7,0,29,0,6,3.11,0,0,0
related-questions,317,0,0,0,4,5,5,9,1,5,22,0,2,0,4,1,5,0,14,0,4,44.92,1,3,0
topbar-notifications,315,0,0,0,2,3,4,5,0,5,15,0,2,0,5,2,6,0,18,0,5,8.75,0,0,0
stackoverflow.co,315,0,0,0,2,3,2,3,0,7,18,0,1,0,7,5,7,0,22,0,3,0.78,0,0,0
switchboard,314,0,0,0,2,2,3,5,1,3,12,0,2,0,1,0,4,0,13,0,4,2.56,1,0,0
xml,313,0,0,0,2,3,3,4,0,2,11,0,2,0,2,0,3,0,9,0,4,142.8,0,0,0
smtp,312,0,0,0,5,5,6,10,0,6,10,0,0,0,5,3,7,0,17,0,10,0.36,0,0,0
revisions,311,0,0,0,4,6,6,9,0,5,16,0,7,1,4,1,6,0,22,0,4,2.12,0,0,0
job-search,309,0,0,0,2,2,3,5,1,7,11,0,2,1,2,0,6,0,9,0,3,19.93,1,5,0
mid-year-review,308,0,0,0,0,0,0,1,1,0,0,0,0,0,0,0,0,0,0,0,0,0,1,8,0
iso-27001,308,0,0,0,3,4,3,6,0,3,7,0,1,0,2,0,4,0,8,1,5,20.69,0,0,0
new-users,303,0,0,0,6,6,9,11,0,6,13,0,2,0,4,0,7,0,23,0,13,1.19,0,0,0
filtering,303,0,0,0,6,5,10,17,0,6,17,0,9,1,3,1,6,0,17,0,6,4.99,0,0,0
collaboration,302,0,0,0,1,1,0,3,2,1,1,0,0,0,1,1,1,0,0,0,0,0,2,2,1
marketing-ops,301,0,0,0,4,3,2,5,0,8,7,0,2,0,8,5,9,0,15,0,0,0.19,0,0,0
html,301,0,0,0,3,4,3,6,0,8,22,0,3,0,6,1,8,0,18,0,10,75.55,0,0,0
teams-enhanced-search,300,2,0,2,3,3,4,7,1,3,13,0,1,0,3,1,3,2,18,0,5,50.69,1,3,0
profile-image,299,0,0,0,6,6,8,13,0,6,12,0,3,0,6,1,7,0,13,0,12,1.95,0,0,0
traducir,298,0,0,0,2,2,4,5,0,5,6,0,4,1,2,0,4,0,12,0,3,32.54,0,0,0
teams-discovery-questions,296,0,0,0,2,2,0,3,0,38,45,0,0,34,4,0,4,0,10,0,0,2.35,0,0,0
feature-flag,296,0,0,0,2,5,5,7,0,6,13,0,4,0,5,0,7,0,15,0,13,9.24,0,0,0
escalation-duty,296,0,0,0,2,2,3,7,1,2,8,0,3,0,2,0,2,0,9,0,0,0.72,1,3,0
sharepoint,294,0,0,0,4,6,3,9,0,5,8,0,0,0,4,1,6,0,13,0,3,0.99,0,0,0
teams-community-growth,293,0,6,6,0,0,0,3,3,0,0,0,0,0,0,0,0,0,0,0,0,0,4,17,3
spotify,292,0,0,0,2,4,3,6,0,2,11,0,2,0,1,0,4,0,16,0,2,9.54,0,0,0
reactions,291,0,0,0,2,5,8,11,0,4,8,0,14,1,2,0,6,0,15,0,14,5.45,0,0,0
phone,291,0,0,0,2,2,3,5,0,4,16,0,2,0,3,0,4,0,14,0,1,51.06,0,0,0
microsoft,291,0,0,0,4,7,8,14,2,7,12,0,6,1,5,2,9,0,24,0,5,4.62,2,1,0
remote-desktop,290,0,0,0,3,2,1,4,0,3,12,0,0,0,3,1,3,0,12,0,1,1.4,0,0,0
version,287,0,0,0,4,6,7,11,0,5,9,0,0,0,3,3,6,0,25,0,7,4.67,0,0,0
catalyst.io,287,0,0,0,7,8,5,14,0,11,27,0,4,0,11,3,13,0,31,0,4,0.4,0,0,0
ebook,286,0,0,0,4,7,4,12,1,6,13,0,5,1,2,0,10,0,15,0,9,0.73,1,1,0
scrum-team,284,0,0,0,0,0,0,3,3,0,0,0,0,0,0,0,0,0,0,0,0,0,5,4,2
office-hours,279,0,0,0,1,1,3,3,0,3,14,0,2,0,3,1,5,0,16,0,2,97.45,0,0,0
toms,277,0,0,0,1,1,2,3,0,1,10,0,1,0,1,0,1,0,5,0,1,79.25,0,0,0
configuration,277,0,0,0,2,2,3,4,1,2,5,0,2,0,2,1,3,0,7,0,5,0.9,1,2,0
visual-studio,276,0,0,0,4,8,2,10,0,6,23,0,5,0,5,2,9,0,28,0,1,6.12,0,0,0
syntax-highlighting,276,0,0,0,5,5,6,9,0,5,14,0,4,0,5,1,7,0,16,1,9,6.11,0,0,0
ide-extension,275,2,0,2,3,6,4,9,1,5,12,0,0,0,4,3,8,2,17,0,4,0.13,1,2,0
emoji,274,0,0,0,4,4,9,13,0,4,23,0,8,0,3,1,4,0,31,1,7,0.62,0,0,0
azure-devtest-labs,274,0,0,0,2,2,0,3,1,2,1,0,0,0,1,0,2,0,1,0,0,6.81,3,4,0
self-answer,273,0,0,0,5,6,9,14,0,5,11,0,2,0,5,0,6,0,19,0,17,0.52,0,0,0
patcher,272,0,0,0,2,4,3,6,0,8,2,0,12,0,4,0,10,0,16,0,15,0.9,0,0,0
locked-posts,272,0,0,0,4,7,7,12,0,6,22,0,5,0,4,1,8,0,20,0,10,22.46,0,0,0
success-criteria,271,0,0,0,3,5,3,8,0,4,18,0,3,0,1,0,6,0,19,0,1,9.74,0,0,0
sdlc,271,0,0,0,1,1,0,1,1,1,1,0,0,0,0,0,1,0,1,0,0,10.72,3,2,2
credit-card,271,0,0,0,4,6,6,8,0,7,8,0,3,0,5,2,7,0,11,0,14,0.16,0,0,0
azure-aks,269,0,0,0,2,4,1,4,0,5,4,0,0,0,5,3,7,0,12,0,2,6.25,0,0,0
hosted-checklist,268,0,0,0,2,5,2,8,1,4,7,0,0,0,2,0,6,0,18,0,2,0.18,1,7,0
talent-api,266,0,0,0,5,4,4,8,1,11,8,0,1,1,7,7,10,0,7,0,3,0.02,1,1,0
outage,265,0,0,0,4,4,0,6,0,4,6,0,0,0,3,1,6,0,10,0,0,1.88,0,0,0
glean,265,0,0,0,1,2,6,7,1,1,3,0,1,0,1,0,2,0,10,0,6,0.36,1,6,2
career-development,265,0,0,0,0,0,0,3,3,0,0,0,0,0,0,0,0,0,0,0,0,0,4,11,0
jupyter-notebook,264,0,0,0,1,3,4,6,0,3,7,0,5,0,3,2,5,0,12,0,3,1493.16,0,0,0
redirect,263,0,0,0,5,5,6,12,0,5,15,0,8,0,4,0,5,0,11,0,2,1.22,0,0,0
miro,261,0,0,0,4,6,3,9,0,5,25,0,0,1,4,1,8,0,24,2,6,194.65,0,0,0
server-maintenance,258,0,0,0,3,3,3,5,0,5,10,0,3,0,4,1,6,0,7,0,3,132.76,0,0,0
moderator-satisfaction-survey,256,0,0,0,1,1,1,2,0,3,7,0,1,1,2,2,2,0,5,0,4,0,0,0,0
on-roadmap,254,0,0,0,2,2,3,5,0,2,7,0,4,0,1,0,3,0,3,0,1,493.54,0,0,0
c#,254,0,0,0,1,1,1,3,1,1,9,0,0,0,1,0,1,0,7,0,2,19.41,1,3,0
vendor,253,0,0,0,4,3,3,8,0,4,7,0,0,0,2,1,6,0,7,0,3,92.99,0,0,0
unified-theming,253,0,0,0,2,3,0,4,1,3,5,0,0,0,1,2,3,0,8,0,0,16.01,1,6,1
fur-babbies,253,0,0,0,1,8,3,9,0,1,15,0,0,0,0,0,11,0,53,0,3,0.34,0,0,0
adfs,250,0,0,0,3,2,6,6,0,4,5,0,2,0,4,2,4,0,9,0,11,70.52,0,0,0
scim2,249,0,0,0,3,3,4,6,0,3,5,0,3,0,3,0,4,0,8,0,2,10.12,0,0,0
mql,249,0,0,0,2,2,0,3,0,4,5,0,0,2,2,1,2,0,4,0,0,0.28,0,0,0
left-nav,249,0,0,0,4,5,5,10,0,6,10,0,4,0,6,1,6,0,14,0,7,0.99,0,0,0
dbt,248,0,0,0,0,0,0,1,1,0,0,0,0,0,0,0,0,0,0,0,0,0,7,8,4
salesforce-contacts,247,0,0,0,5,3,4,8,0,7,11,0,3,1,5,3,6,0,17,0,4,1.1,0,0,0
stacks-showcase,246,0,0,0,0,0,0,3,3,0,0,0,0,0,0,0,0,0,0,0,0,0,18,5,1
stackplusone,246,2,0,2,4,4,1,5,1,7,9,0,0,0,5,5,8,1,13,0,1,13.99,1,1,0
code-snippets,246,0,0,0,2,3,2,5,0,4,22,0,6,0,2,0,4,0,9,0,2,111.92,0,0,0
ats,246,0,0,0,3,4,4,7,0,6,4,0,1,1,3,0,6,0,11,0,3,1.19,0,0,0
tag-wiki,245,0,0,0,2,4,6,9,0,4,6,0,7,0,4,0,4,0,11,0,9,0.54,0,0,0
imgur,245,0,0,0,2,4,1,5,0,3,8,0,3,1,2,0,4,0,11,1,2,1.34,0,0,0
greenhouse-ats,245,0,0,0,3,5,5,9,1,5,5,0,3,0,5,1,7,0,11,0,2,0.29,2,3,0
dark-mode,244,0,0,0,4,6,5,11,0,4,16,0,0,0,3,0,6,0,28,0,6,0.32,0,0,0
fulfillment,243,0,0,0,2,2,2,3,1,5,6,0,3,0,3,0,5,0,3,0,2,21.11,1,2,0
gartner,242,0,0,0,1,1,3,3,1,1,6,0,3,0,0,0,1,0,0,0,0,18677.43,3,7,0
press,241,0,0,0,2,2,0,4,1,2,6,0,0,0,1,1,2,0,7,0,0,2.26,2,5,1
whitelist,240,0,0,0,4,3,7,9,0,4,8,0,7,1,3,0,3,0,8,0,1,0.47,0,0,0
audience,239,0,0,0,2,3,2,5,0,6,7,0,1,0,4,0,6,0,9,0,1,4.51,0,0,0
operating-system,237,0,0,0,4,4,2,5,0,4,3,0,0,0,3,3,4,0,12,0,2,0.22,0,0,0
google-drive,237,0,0,0,7,8,4,10,0,7,16,0,2,0,6,4,8,0,17,2,5,87.2,0,0,0
open-source,236,0,0,0,5,5,2,11,0,5,8,0,2,0,4,1,7,0,13,0,1,3.08,0,0,0
notion,234,0,0,0,1,1,5,6,1,1,5,0,1,0,1,0,1,0,8,0,6,0.6,1,3,0
unfurl,233,0,0,0,2,1,5,5,0,2,12,0,6,1,1,1,1,0,13,0,0,0,0,0,0
frontend,231,0,0,0,3,3,3,6,1,4,12,0,3,0,4,0,4,0,15,0,3,14.45,1,1,0
powershell,230,0,0,0,3,3,1,3,1,4,3,0,0,0,4,4,4,0,4,0,2,0,2,3,1
not-a-robot,229,0,0,0,2,2,3,4,0,4,10,0,3,0,2,2,5,0,15,0,8,0.08,0,0,0
2fa,227,0,0,0,3,5,2,9,0,5,11,0,0,0,4,1,7,0,23,0,3,13.6,0,0,0
github-discussions,226,0,0,0,2,5,1,6,1,2,6,0,0,0,1,0,5,0,14,0,2,2.1,1,4,1
content-licensing,226,0,0,0,4,3,2,8,0,4,15,0,3,1,2,0,4,0,8,0,0,578.59,0,0,0
servicenow,224,0,0,0,1,1,3,4,1,1,4,0,2,0,0,1,3,0,10,0,3,0,1,4,0
project-management,224,0,0,0,2,3,2,5,0,3,9,0,1,0,2,0,4,0,21,0,1,0.11,0,0,0
proxy,223,0,0,0,3,3,6,8,0,3,17,0,1,0,3,1,3,0,12,0,6,65.38,0,0,0
data-download,223,0,0,0,3,2,4,6,0,3,4,0,0,0,2,0,3,0,4,0,5,172.54,0,0,0
cprod-community-enablement,223,0,0,0,1,1,1,2,1,2,2,0,0,0,2,1,4,0,2,0,1,0.02,4,2,0
overflow-ai-alpha,222,0,0,0,1,1,2,3,0,11,14,0,0,0,4,11,11,0,9,0,2,0,0,0,0
ai-generated,222,0,0,0,1,1,2,3,0,11,14,0,0,0,4,11,11,0,9,0,2,0,0,0,0
bosun,221,0,0,0,1,1,1,1,0,5,21,0,1,0,2,1,6,0,18,0,0,0.23,0,0,0
trello,220,0,0,0,3,2,3,4,0,3,7,0,9,1,2,2,2,0,6,0,0,0,0,0,0
programmatic,220,0,0,0,2,1,1,2,0,7,1,0,0,0,7,6,7,0,4,0,1,1.43,0,0,0
siem,218,0,0,0,3,3,4,6,0,3,9,0,2,0,1,0,3,0,2,1,6,11.23,0,0,0
data-export,217,0,0,0,2,3,6,7,0,2,10,0,2,1,1,0,4,0,11,0,6,0.37,0,0,0
webinar,216,0,0,0,3,5,3,7,0,5,16,0,0,0,2,1,6,0,17,0,4,0.54,0,0,0
sales-lead,216,0,0,0,2,5,1,7,0,4,7,0,1,1,3,1,5,0,12,0,0,0.26,0,0,0
virtual-machine,215,0,0,0,6,6,2,9,0,6,2,0,2,0,4,2,6,0,8,0,0,1.22,0,0,0
secret-server,215,0,0,0,2,3,1,3,0,2,7,1,0,0,2,1,3,0,13,0,2,1.79,0,0,0
performance,215,0,0,0,4,3,3,6,0,5,9,0,4,0,4,1,5,0,9,0,1,76.91,0,0,0
expense-policy,215,0,0,0,4,4,4,9,0,4,3,0,0,0,1,0,4,0,5,0,5,1.33,0,0,0
codebase,214,0,0,0,2,3,3,4,0,4,15,0,1,0,4,1,5,0,12,0,3,0.46,0,0,0
client-story,213,0,0,0,1,1,2,2,0,1,11,0,4,0,1,0,1,0,1,0,0,19924.59,0,0,0
account-suspension,213,0,0,0,4,2,4,7,0,5,7,0,6,3,1,1,2,0,5,0,2,0.41,0,0,0
microsoft-viva-engage,212,0,0,0,0,0,0,1,1,0,0,0,0,0,0,0,0,0,0,0,0,0,1,7,2
engagement-survey-2023,211,0,0,0,2,2,2,3,1,11,25,0,0,0,10,10,11,0,35,0,3,0.06,2,9,3
async,211,0,0,0,2,1,1,2,1,2,3,0,0,1,1,0,1,0,4,0,1,0.65,2,8,0
deib-newsletter,210,0,0,0,0,0,0,3,3,0,0,0,0,0,0,0,0,0,0,0,0,0,5,12,9
cloudsmith,209,0,0,0,3,3,4,5,1,5,8,0,0,0,5,5,6,0,9,0,6,0,1,0,0
prosus,208,0,0,0,4,4,0,6,1,4,4,0,0,0,3,0,5,0,3,0,0,276.19,1,10,1
zoominfo,207,0,0,0,3,4,1,5,0,8,5,0,1,1,6,3,7,0,10,0,0,0.51,0,0,0
atlassian,207,0,0,0,3,3,2,6,0,3,21,0,1,0,3,1,3,0,23,0,2,348.77,0,0,0
onetrust,206,0,0,0,5,4,4,9,1,5,2,0,2,0,2,2,5,0,1,0,2,1.59,1,0,0
less,203,0,0,0,2,3,4,4,0,4,6,0,3,0,2,1,5,0,10,0,3,0.05,0,0,0
google-slides,203,0,0,0,3,2,2,5,0,6,10,0,0,2,4,1,6,0,14,0,4,0.75,0,0,0
ask-question-wizard-2018,203,0,0,0,1,1,1,1,0,3,4,0,1,0,1,1,4,0,13,0,7,225.93,0,0,0
access-control,202,0,0,0,6,5,4,11,0,6,7,0,6,1,5,1,5,0,10,0,1,70.25,0,0,0
developer-settings,201,0,0,0,2,2,4,6,0,3,3,0,2,1,2,0,2,0,4,0,6,6.22,0,0,0
scrum,200,0,0,0,0,0,0,1,1,0,0,0,0,0,0,0,0,0,0,0,0,0,1,10,2
playwright,200,0,0,0,2,2,5,5,0,4,6,0,3,1,3,1,3,0,12,0,7,0.48,0,0,0
troubleshooting,199,0,0,0,4,4,4,7,0,4,9,0,0,0,4,3,4,0,9,0,7,0.04,0,0,0
postman,199,0,0,0,0,0,0,1,1,0,0,0,0,0,0,0,0,0,0,0,0,0,1,3,3
interviews,199,0,0,0,3,3,4,8,0,3,7,0,3,0,2,1,3,0,6,0,1,4.53,0,0,0
bloomfire,199,0,0,0,1,3,3,5,1,1,2,0,2,0,0,0,3,0,3,1,2,5.25,1,3,0
codebase-standards,198,0,0,0,2,4,3,5,0,2,17,0,4,0,1,1,4,0,12,0,0,4.11,0,0,0
median-time-answer,197,0,0,0,3,3,4,6,0,3,10,1,3,0,1,0,3,0,8,0,3,2.53,0,0,0
capitalization,197,0,0,0,2,3,5,8,0,4,16,0,2,0,4,1,5,0,19,0,8,1.23,0,0,0
health-check,196,0,0,0,0,0,0,1,1,0,0,0,0,0,0,0,0,0,0,0,0,0,2,6,5
google-cloud-search,195,0,0,0,3,3,2,6,0,3,7,0,3,1,1,1,4,0,4,0,0,42.35,0,0,0
protected-questions,193,0,0,0,4,5,7,10,0,4,8,0,3,0,2,0,6,0,13,0,7,72.49,0,0,0
proget,193,0,0,0,3,4,5,7,0,4,8,0,13,0,3,1,5,0,12,0,3,1.11,0,0,0
market-research,192,0,0,0,1,2,2,3,0,2,8,0,1,0,2,0,5,0,10,0,1,23.37,0,0,0
cybersecurity,192,0,0,0,4,2,5,8,1,4,4,0,7,2,2,0,2,0,5,0,0,52.98,1,3,0
standards-compliance,190,0,0,0,2,2,0,2,0,2,2,0,0,0,2,1,3,0,9,0,0,22.96,0,0,0
npm,190,0,0,0,4,5,4,8,0,4,9,0,9,0,3,2,5,0,15,0,1,2.28,0,0,0
creative-commons,190,0,0,0,3,3,1,6,0,3,14,0,2,0,2,0,4,0,8,0,0,578.59,0,0,0
supplier,189,0,0,0,1,1,2,4,0,1,6,0,0,0,0,0,3,0,6,0,2,4.74,0,0,0
analysis,189,0,0,0,3,3,2,5,0,4,7,0,1,1,3,1,4,0,4,1,2,402.22,0,0,0
regex,187,0,0,0,2,2,7,8,0,2,5,0,8,0,2,0,2,0,3,0,0,4223.73,0,0,0
platform,187,0,0,0,2,4,3,7,1,4,5,0,3,0,3,0,6,0,13,0,1,0.1,1,2,0
post-notices,186,0,0,0,2,2,3,3,0,3,8,0,6,0,3,0,3,0,8,0,2,461.25,0,0,0
co-sell,186,0,0,0,1,2,3,4,0,1,6,0,0,0,1,0,2,0,18,0,3,3.16,0,0,0
cigna,183,0,0,0,2,4,0,4,0,4,7,0,0,0,3,2,4,0,11,0,0,2.09,0,0,0
se-gotcha,182,0,0,0,2,2,2,6,1,3,6,0,0,0,2,2,4,0,9,0,2,5.05,1,4,0
op1,181,0,0,0,4,4,5,7,0,6,7,0,0,0,1,2,6,0,10,0,7,2.03,0,0,0
tnt,180,0,0,0,1,1,1,1,0,2,3,0,0,0,2,0,2,0,3,0,6,0.09,0,0,0
customer,180,0,0,0,5,4,4,9,0,5,6,0,3,1,3,1,5,0,11,1,1,0.7,0,0,0
click-tracking,179,0,0,0,4,4,2,6,0,5,2,0,4,1,3,2,4,0,3,0,1,439.97,0,0,0
artifactory,179,0,0,0,1,5,3,5,0,6,3,0,3,0,4,1,9,0,8,0,15,1.24,0,0,0
slack-api,178,0,0,0,3,2,4,6,0,4,7,0,0,0,4,0,6,0,10,0,7,2.25,0,0,0
hot-network-questions,178,0,0,0,2,3,4,7,0,3,10,0,2,0,1,1,4,0,11,0,5,96.94,0,0,0
parallels,177,0,0,0,3,3,2,5,0,3,6,0,5,1,2,0,3,0,7,0,1,13.32,0,0,0
data-processing,177,0,0,0,4,4,2,10,0,4,2,0,2,0,4,0,5,0,10,0,0,10.22,0,0,0
sales-play,176,0,0,0,1,3,0,3,1,3,2,0,0,0,1,0,5,0,5,0,0,0.04,2,5,0
talent-amendment,175,0,0,0,3,2,2,4,0,3,7,0,3,0,2,0,7,0,18,0,1,0.77,0,0,0
guild,175,0,0,0,1,2,1,4,1,1,7,0,0,0,0,0,2,0,3,0,1,0.43,1,5,0
csv-import,175,0,0,0,2,3,2,5,0,3,15,0,0,0,3,0,3,0,13,0,4,1.61,0,0,0
.net,174,0,0,0,1,1,0,2,1,1,3,0,0,0,1,1,1,0,3,0,0,0,1,7,0
sponsored-text-link,173,0,0,0,2,1,0,2,0,2,1,0,0,0,2,0,2,0,3,0,0,46.91,0,0,0
merging-data,173,0,0,0,4,4,9,10,0,4,2,0,6,1,3,1,4,0,6,0,9,1.07,0,0,0
chrome,173,0,0,0,3,2,3,6,1,5,9,0,4,2,2,2,3,0,9,0,0,2663.54,1,0,1
saves,171,0,0,0,1,2,2,5,1,2,8,0,0,0,2,0,2,0,9,0,2,0.42,1,4,0
logging,171,0,0,0,1,0,0,2,1,1,2,0,0,1,0,0,0,0,0,0,0,0,1,5,3
dora,171,0,0,0,0,0,0,1,1,0,0,0,0,0,0,0,0,0,0,0,0,0,1,6,2
azure-devops,171,0,0,0,2,4,3,6,0,5,5,0,3,2,2,0,4,0,6,0,0,3.84,0,0,0
satisfaction-survey,170,0,0,0,3,1,4,6,0,3,4,0,7,1,2,0,2,0,6,0,1,96.05,0,0,0
insights,170,0,0,0,1,2,2,4,2,1,1,0,2,0,1,0,2,0,1,0,0,50.0,2,4,2
application-error,170,0,0,0,3,2,2,4,0,3,7,0,2,1,2,0,2,0,9,0,2,14.36,0,0,0
websockets,169,0,0,0,2,1,1,2,0,3,13,0,1,0,2,0,3,0,12,0,2,12.1,0,0,0
oidc,169,0,0,0,2,4,1,5,0,3,3,0,1,0,3,0,4,0,4,0,0,144.58,0,0,0
appliance,168,0,0,0,1,1,2,3,0,1,6,0,0,0,1,0,1,0,12,0,4,15.85,0,0,0
stimulus,167,0,0,0,0,0,0,1,1,0,0,0,0,0,0,0,0,0,0,0,0,0,1,4,0
spam-prevention,167,0,0,0,4,3,2,7,0,5,6,0,3,2,3,1,3,0,4,0,0,103.9,0,0,0
prompt-engineering,166,0,0,0,3,3,2,4,0,3,12,0,0,0,3,2,3,0,15,0,2,0.68,0,0,0
cdn,165,0,0,0,3,5,9,12,0,4,4,0,7,0,4,0,5,0,8,0,4,1.55,0,0,0
merging-questions,164,0,0,0,3,4,6,9,0,3,9,0,1,0,3,0,5,0,14,0,7,0.23,0,0,0
government-client,164,0,0,0,1,3,5,5,0,3,5,0,3,0,2,0,3,0,7,0,8,4.12,0,0,0
wework,163,0,0,0,2,2,3,3,0,2,3,0,1,0,2,0,2,0,5,0,2,2724.58,0,0,0
.net-mac,163,0,0,0,1,1,2,3,0,1,11,0,4,0,1,0,1,0,3,0,0,21494.45,0,0,0
outreach,162,0,0,0,2,5,2,6,0,4,9,0,1,0,2,1,7,0,22,0,2,0.83,0,0,0
covid-19,162,0,0,0,2,2,0,3,0,3,2,0,0,0,1,2,13,0,5,0,0,1.51,0,0,0
strategy,161,0,0,0,1,2,2,2,1,1,7,0,0,0,0,0,3,0,19,0,7,10.2,1,2,0
nunit,161,0,0,0,1,3,3,4,0,3,1,0,2,1,1,0,5,0,4,0,6,0.12,0,0,0
dogfooding,161,0,0,0,1,4,1,4,0,2,2,0,4,1,0,0,4,0,11,0,10,5.45,0,0,0
dag,160,0,0,0,2,1,1,2,0,2,9,0,0,0,1,0,3,0,14,0,1,46.99,0,0,0
community-blueprint,160,0,0,0,2,1,2,3,0,2,10,0,0,0,2,1,2,0,12,1,2,3.47,0,0,0
xray,159,0,0,0,1,1,0,1,1,1,2,0,0,0,1,1,1,0,2,0,0,0,1,0,0
picbot,159,0,0,0,1,1,0,1,0,2,5,0,0,0,2,2,2,0,6,0,0,0,0,0,0
github-codespaces,159,0,0,0,1,1,0,2,1,1,0,0,0,0,1,0,1,0,0,0,0,3.1,1,8,1
devops,159,0,0,0,3,2,2,6,2,3,6,0,1,1,1,1,2,0,2,0,1,0.24,2,3,0
codespaces,159,0,0,0,1,1,0,2,1,1,0,0,0,0,1,0,1,0,0,0,0,3.1,1,8,1
hrpro,158,0,0,0,2,2,1,2,0,2,6,0,0,0,0,2,4,0,3,0,6,0,0,0,0
code-review,158,0,0,0,2,2,2,3,1,2,1,0,0,0,2,2,2,0,3,0,2,0,1,1,0
code-coverage,158,0,0,0,1,1,0,4,2,1,4,0,0,0,1,0,1,0,4,0,0,0.02,2,5,0
charity,158,0,0,0,1,2,0,2,0,3,7,0,0,0,3,2,4,0,9,0,0,44.66,0,0,0
pdec-demos,156,0,0,0,1,4,3,7,1,1,2,0,2,0,0,0,4,0,10,0,3,182.31,8,0,0
implementationmgrs,156,0,0,0,1,2,4,4,1,2,6,0,5,0,2,0,2,0,2,0,0,301.04,1,4,0
welcome-wagon,155,0,0,0,1,2,0,2,0,2,12,0,0,0,2,1,3,0,11,0,0,93.76,0,0,0
salary,154,0,0,0,2,2,3,5,0,3,7,0,2,1,1,1,2,0,4,0,1,27.11,0,0,0
reflektive,154,0,0,0,2,2,4,7,1,2,1,0,4,0,1,0,2,0,4,0,2,6761.64,1,3,0
the-artboard,153,0,0,0,0,0,0,3,3,0,0,0,0,0,0,0,0,0,0,0,0,0,8,5,4
people-development,153,0,0,0,0,0,0,2,2,0,0,0,0,0,0,0,0,0,0,0,0,0,2,5,0
idea-marketplace,153,0,0,0,1,3,0,4,0,2,6,0,0,0,0,0,4,0,11,0,0,26.56,0,0,0
azure-sql,152,0,0,0,1,2,2,3,1,2,6,0,0,0,1,0,2,0,4,0,2,0.45,1,1,0
messaging,151,0,0,0,2,3,1,4,0,4,9,0,0,0,4,0,4,0,10,0,1,2.09,0,0,0
contract,151,0,0,0,3,4,6,8,0,3,8,0,4,1,2,0,4,0,9,0,3,22.88,0,0,0
rstudio,149,0,0,0,4,3,1,4,0,4,8,0,0,1,3,2,4,0,9,0,1,29.99,0,0,0
higher-logic-vanilla,149,0,0,0,1,3,1,3,1,1,3,0,0,0,1,0,3,0,14,0,1,1.56,1,3,0
tiny-talks,148,0,0,0,1,2,2,3,0,2,5,0,2,0,1,1,3,0,3,0,2,4.51,0,0,0
sales-training,148,0,0,0,2,2,2,4,0,3,4,0,0,1,2,1,2,0,4,0,2,1.24,0,0,0
post-ban,148,0,0,0,2,2,4,5,0,2,5,0,3,0,2,0,2,0,9,0,5,5.67,0,0,0
ssh-keys,147,0,0,0,1,1,4,4,1,3,6,0,6,2,1,0,2,0,5,0,9,10.46,1,0,0
openid,147,0,0,0,4,4,0,7,0,5,4,0,0,0,5,1,5,0,7,0,0,4.77,0,0,0
fivetran,147,0,0,0,0,0,0,1,1,0,0,0,0,0,0,0,0,0,0,0,0,0,1,2,0
lucidspark,146,0,0,0,3,5,2,9,0,3,12,0,1,0,3,0,5,0,12,2,1,13.91,0,0,0
campaigns,146,0,0,0,2,2,0,3,2,2,2,0,0,0,2,1,2,0,2,0,0,0.01,2,2,0
applicant-tracking-system,146,0,0,0,2,2,4,4,0,3,5,0,4,0,2,0,5,0,8,0,3,0.75,0,0,0
vmss,145,0,0,0,0,0,0,2,2,0,0,0,0,0,0,0,0,0,0,0,0,0,3,3,0
theme,145,0,0,0,2,2,0,3,1,2,4,0,0,0,2,2,2,0,5,0,0,0,1,5,0
teachers-lounge,145,0,0,0,2,2,0,3,1,2,5,0,0,0,1,1,2,0,5,0,0,14721.62,1,3,0
moderator-messages,145,0,0,0,2,2,2,6,0,2,5,0,1,0,2,0,2,0,8,0,1,0.38,0,0,0
demo-question,145,0,0,0,2,2,1,5,0,2,0,0,0,0,2,0,2,0,4,0,1,62.06,0,0,0
officevibe,144,0,0,0,3,3,1,5,0,3,6,0,3,0,2,0,3,0,8,0,0,1.34,0,0,0
kpi,144,0,0,0,3,2,2,3,0,3,4,0,2,1,2,1,2,0,5,0,1,478.57,0,0,0
overdrive,142,0,0,0,3,3,2,7,0,3,7,0,2,0,2,0,4,0,10,0,4,6.46,0,0,0
gifting,142,0,0,0,4,4,2,7,0,7,3,0,1,0,5,5,7,0,3,0,1,0.86,0,0,0
stack-roulette,141,0,0,0,2,3,2,5,0,2,4,0,2,0,2,0,3,0,9,0,0,21.22,0,0,0
github-secret,140,0,0,0,2,2,3,3,0,3,5,0,5,0,3,2,3,0,7,0,3,0.39,0,0,0
pim,139,0,0,0,2,2,1,2,0,3,6,0,0,0,3,3,3,0,7,0,1,0,0,0,0
w2,137,0,0,0,1,2,1,2,0,3,10,0,0,0,2,2,3,0,9,0,1,0.36,0,0,0
mattermost,137,0,0,0,2,3,0,4,1,2,5,0,0,0,2,0,3,0,7,0,0,0.46,1,6,0
audit,136,0,0,0,1,1,1,1,0,2,8,0,1,0,0,2,2,0,8,0,0,0,0,0,0
artifact,135,0,0,0,0,0,0,1,1,0,0,0,0,0,0,0,0,0,0,0,0,0,1,2,2
revenue,134,0,0,0,0,0,0,1,1,0,0,0,0,0,0,0,0,0,0,0,0,0,1,6,1
education,134,0,0,0,2,3,4,7,0,2,4,0,8,0,2,0,3,0,7,0,6,3.28,0,0,0
sap-ariba,133,0,0,0,2,2,1,2,0,2,0,0,3,0,0,0,3,0,1,0,2,1.74,0,0,0
innersource,133,0,0,0,1,1,2,2,0,1,5,0,3,0,1,0,2,0,9,0,0,0.07,0,0,0
google-search-console,133,0,0,0,2,3,2,4,0,3,5,0,2,0,1,2,5,0,7,1,2,9.18,0,0,0
canada,133,0,0,0,2,2,3,4,0,2,5,0,0,0,2,1,2,0,7,0,7,6259.39,0,0,0
rules-of-engagement,132,0,0,0,2,2,1,2,0,5,5,0,0,0,5,4,6,0,10,0,4,6.86,0,0,0
existential-q-and-a,132,0,0,0,1,1,2,2,0,1,5,0,2,0,1,0,2,0,6,0,7,7.96,0,0,0
customer-facing-response,131,0,0,0,1,2,2,3,0,2,5,0,1,0,0,0,2,0,8,0,6,34.5,0,0,0
themefile,130,0,0,0,4,3,6,9,0,4,2,0,4,1,3,1,3,0,3,0,5,2.71,0,0,0
inventory-management,129,0,0,0,2,3,1,4,0,3,7,0,0,1,2,1,3,0,5,1,2,0.15,0,0,0
biz-dev,128,0,0,0,1,2,2,2,0,1,7,0,0,0,0,0,3,0,19,0,7,10.2,0,0,0
refresh,127,0,0,0,0,0,0,1,1,0,0,0,0,0,0,0,0,0,0,0,0,0,1,3,1
branching,126,0,0,0,3,4,1,5,0,3,5,0,1,0,1,1,4,0,11,0,4,5.36,0,0,0
svelte,125,0,0,0,1,1,2,4,0,4,7,0,1,0,2,0,4,0,5,0,1,38.68,0,0,0
beta,125,0,0,0,2,2,0,3,0,2,5,0,0,0,2,1,2,0,2,0,0,35621.52,0,0,0
sendsafely,124,0,0,0,2,2,0,2,0,2,4,0,0,0,2,2,2,0,5,0,0,0,0,0,0
kraftful,124,0,0,0,1,1,1,2,0,2,3,0,2,0,2,1,2,0,3,0,0,0.74,0,0,0
production-environment,123,0,0,0,2,2,2,2,0,2,8,0,0,0,2,2,2,0,13,0,3,0,0,0,0
adbook,123,0,0,0,2,2,3,4,0,2,3,0,0,0,2,2,2,0,3,0,3,0,0,0,0
puppet,122,0,0,0,1,4,1,4,0,2,0,0,0,0,2,1,4,0,4,0,1,12.32,0,0,0
online-safety,122,0,0,0,1,1,1,1,0,1,8,0,0,0,1,1,1,0,10,0,1,0,0,0,0
cname,122,0,0,0,2,2,0,3,0,2,4,0,0,0,1,0,2,0,5,0,0,0.46,0,0,0
click-through,122,0,0,0,3,2,2,5,0,4,4,0,0,1,2,0,3,0,4,0,3,1.25,0,0,0
vanilla-forums,121,0,0,0,1,3,1,3,0,1,3,0,0,0,1,0,3,0,14,0,1,1.56,0,0,0
markets,121,0,0,0,2,3,3,5,0,2,7,0,1,0,2,1,4,0,7,0,2,46.63,0,0,0
jupyter,121,0,0,0,1,1,3,3,0,1,3,0,5,0,1,0,1,0,1,0,0,1493.16,0,0,0
custom-theme,121,0,0,0,1,0,4,4,1,1,0,0,4,1,0,0,0,0,0,0,0,0,1,5,0
benny-card,121,0,0,0,1,2,1,2,0,1,6,0,0,0,0,1,3,0,3,0,6,0,0,0,0
google-docs,120,0,0,0,2,4,2,5,0,4,7,0,2,0,4,1,4,0,7,0,0,118.95,0,0,0
website,119,0,0,0,2,4,2,6,0,4,7,0,1,0,4,1,4,0,9,0,1,0.64,0,0,0
cprod-consumers,118,0,0,0,0,0,0,1,1,0,0,0,0,0,0,0,0,0,0,0,0,0,3,2,0
landing-zones,117,0,0,0,1,1,1,1,0,2,6,0,0,0,2,2,2,0,6,0,1,0,0,0,0
tracking,116,0,0,0,3,3,1,5,0,3,6,0,0,0,2,1,3,0,0,0,1,1550.92,0,0,0
spam,116,0,0,0,2,3,1,4,0,2,5,0,0,0,1,1,3,0,7,0,1,11.68,0,0,0
seismic-knowledge,116,0,0,0,1,2,0,3,1,1,5,0,0,0,1,0,2,0,6,0,0,9.47,1,3,0
azure-blob-storage,116,0,0,0,1,1,0,1,0,1,1,0,0,0,1,1,1,0,1,0,0,0,0,0,0
site-reliability,114,0,0,0,3,2,3,4,0,3,2,0,3,1,1,1,2,0,6,0,4,9.6,0,0,0
applicant-experience,114,0,0,0,2,2,4,4,0,2,4,0,4,0,0,0,4,0,4,0,3,1204.27,0,0,0
dsr,113,0,0,0,0,0,0,1,1,0,0,0,0,0,0,0,0,0,0,0,0,0,1,5,0
phishing,112,0,0,0,1,1,0,3,2,1,1,0,0,0,0,0,1,0,1,0,0,0.04,2,8,0
job-ads,112,0,0,0,3,4,2,5,0,4,3,0,4,0,3,1,6,0,9,0,2,0.72,0,0,0
sales-stats,111,0,0,0,1,2,1,2,0,3,2,0,2,0,3,0,3,0,4,0,0,6.73,0,0,0
propsecting,111,0,0,0,1,4,0,5,0,1,8,0,0,0,0,0,4,0,21,0,0,0.29,0,0,0
cloud-hosting,111,0,0,0,1,2,1,4,0,2,6,0,0,0,2,0,2,0,6,0,1,2.55,0,0,0
calling,111,0,0,0,1,4,0,5,0,1,8,0,0,0,0,0,4,0,21,0,0,0.29,0,0,0
purchase-order,110,0,0,0,3,2,2,4,0,3,7,0,5,1,1,0,3,0,5,0,1,9.23,0,0,0
optimization,110,0,0,0,2,1,0,2,0,2,0,0,0,1,1,1,1,0,0,0,0,0,0,0,0
kcs,110,0,0,0,1,2,1,4,1,1,3,0,1,0,0,0,2,0,4,0,0,1.63,1,2,0
ad-delivery,110,0,0,0,1,1,0,2,0,1,0,0,0,0,0,0,1,0,2,0,0,0.63,0,0,0
collectives-bulletins,109,0,0,0,1,1,0,3,1,1,1,0,0,0,1,0,1,0,2,0,0,0.2,1,5,1
roomba,108,0,0,0,2,2,1,3,0,2,6,0,0,0,1,1,2,0,8,0,2,96.42,0,0,0
pixel,108,0,0,0,1,3,3,5,0,3,1,0,2,1,0,0,3,0,3,0,4,0.65,0,0,0
forms,107,0,0,0,2,2,0,2,0,2,3,0,0,0,2,2,2,0,4,0,0,0,0,0,0
delivery,107,0,0,0,0,0,0,1,1,0,0,0,0,0,0,0,0,0,0,0,0,0,1,7,0
tc,106,0,0,0,1,1,2,3,0,2,0,0,0,0,2,0,3,0,4,1,2,1.98,0,0,0
semantic-search,106,0,0,0,2,4,1,6,0,2,6,0,1,0,2,1,4,0,10,0,0,0.25,0,0,0
google-authenticator,106,0,0,0,1,1,0,1,0,1,5,0,0,0,1,1,1,0,7,0,0,0,0,0,0
ai-guild,106,0,0,0,1,1,0,1,1,1,1,0,0,0,1,1,1,0,3,0,0,0,1,0,0
ad-specs,106,0,0,0,2,2,2,3,0,2,1,0,2,0,1,0,3,0,4,0,0,4368.65,0,0,0
puns,104,0,0,0,1,2,3,4,0,1,6,0,0,0,0,0,4,0,6,0,9,0.08,0,0,0
ping-pong,104,0,0,0,1,2,3,4,0,1,6,0,0,0,0,0,4,0,6,0,9,0.08,0,0,0
oauth,104,0,0,0,1,2,2,3,0,3,3,0,6,1,1,0,2,0,4,0,0,15.03,0,0,0
sustainability,103,0,0,0,2,2,1,5,0,2,3,0,0,0,1,0,3,0,2,0,1,37.83,0,0,0
jamf,103,0,0,0,1,1,1,3,0,2,2,0,0,0,2,0,2,0,4,0,1,0.35,0,0,0
hardware-infrastructure,103,0,0,0,2,3,3,7,0,2,2,0,1,0,2,0,3,0,10,0,2,1.66,0,0,0
geotargeting,103,0,0,0,2,3,3,3,0,4,4,0,0,0,1,2,5,0,6,0,3,0.45,0,0,0
answerhub,103,0,0,0,0,0,0,1,1,0,0,0,0,0,0,0,0,0,0,0,0,0,1,3,0
reseller,102,0,0,0,3,4,2,6,0,5,4,0,0,0,3,3,5,0,4,0,2,46.99,0,0,0
patch,102,0,0,0,2,3,0,4,0,2,1,0,0,0,1,1,3,0,3,0,0,622.71,0,0,0
hubspot,102,0,0,0,1,1,1,2,0,1,6,0,0,0,0,0,1,0,4,0,4,1.67,0,0,0
growth,102,0,0,0,1,1,0,3,1,1,2,0,0,0,1,0,1,0,2,0,0,0.57,2,7,0
source-maps,101,0,0,0,2,2,1,3,0,2,6,0,0,0,1,0,2,0,8,0,1,115.95,0,0,0
stack-server,99,0,0,0,1,1,0,2,0,1,6,0,0,0,1,0,1,0,6,0,0,0.5,0,0,0
house-ads,99,0,0,0,0,0,0,1,1,0,0,0,0,0,0,0,0,0,0,0,0,0,1,1,0
developer-routes,99,0,0,0,1,1,2,2,0,2,4,0,1,0,1,0,2,0,7,0,1,81.63,0,0,0
discovery,98,0,0,0,2,2,0,3,0,2,2,0,0,1,0,0,2,0,2,0,0,11.42,0,0,0
code-generation,98,0,0,0,2,2,1,2,0,2,9,0,0,0,2,2,2,0,9,0,4,0,0,0,0
stack-compile,97,0,0,0,1,2,3,4,0,1,2,0,3,0,0,0,2,0,5,0,0,0.67,0,0,0
feature-discovery,97,0,0,0,1,1,1,4,1,1,1,0,1,0,1,0,1,0,2,0,0,87.21,1,3,0
entropy,97,0,0,0,2,1,4,5,0,2,1,0,5,1,1,0,1,0,1,0,0,27.03,0,0,0
velocity-global,96,0,0,0,1,1,0,2,0,1,5,0,0,0,1,0,1,0,7,0,0,0.48,0,0,0
lessonly,95,0,0,0,3,3,2,5,0,3,7,0,3,0,2,1,4,0,5,0,0,83.82,0,0,0
jquery,95,0,0,0,2,2,4,5,0,2,2,0,2,0,1,0,2,0,4,0,4,10.21,0,0,0
captcha,95,0,0,0,2,2,2,3,0,2,4,0,1,0,1,1,2,0,7,0,1,0.51,0,0,0
opportunity-gap,94,0,0,0,2,4,1,5,0,3,5,0,0,0,3,1,4,0,8,0,1,0.87,0,0,0
go,94,0,0,0,3,3,2,3,0,5,4,0,0,0,4,3,5,0,5,0,3,61.25,0,0,0
content-feed,94,0,0,0,2,1,2,2,0,3,6,0,0,0,3,1,3,0,9,0,2,23.22,0,0,0
gherkins,93,0,0,0,2,4,5,8,0,2,9,0,3,0,1,0,4,0,16,0,2,0.24,0,0,0
site-migration-paths,92,0,0,0,1,2,0,2,0,1,3,0,0,0,0,1,2,0,5,0,0,0,0,0,0
pluralsight,92,0,0,0,2,1,1,3,0,3,6,0,1,1,1,1,2,0,2,0,0,10.75,0,0,0
vscode,91,0,0,0,1,2,5,6,0,1,5,0,1,0,1,0,3,0,6,0,6,0.49,0,0,0
certificate-error,91,0,0,0,1,2,0,2,0,1,0,0,0,0,1,1,2,0,2,0,0,0,0,0,0
candidate,91,0,0,0,1,1,2,2,0,1,3,0,4,0,0,0,3,0,4,0,1,2404.85,0,0,0
rstudio-server,90,0,0,0,1,1,0,1,0,2,7,0,0,0,0,2,2,0,9,0,0,0,0,0,0
guidelines,90,0,0,0,1,1,0,1,0,1,3,0,0,0,0,1,1,0,3,0,0,0,0,0,0
data-visualization,90,0,0,0,1,1,0,2,1,1,2,0,0,0,1,1,1,0,2,0,0,0,1,3,2
browser,90,0,0,0,2,2,2,3,0,2,6,0,0,0,2,1,2,0,9,0,2,3.22,0,0,0
scale,89,0,0,0,0,0,0,1,1,0,0,0,0,0,0,0,0,0,0,0,0,0,1,3,0
installer,89,0,0,0,2,2,1,3,0,2,5,0,0,0,2,1,2,0,3,0,1,0.14,0,0,0
footer,89,0,0,0,2,2,1,2,0,2,1,0,4,0,2,0,2,0,1,0,0,440.74,0,0,0
calendly,89,0,0,0,0,0,0,2,2,0,0,0,0,0,0,0,0,0,0,0,0,0,2,4,0
news,88,0,0,0,1,0,1,1,0,1,1,0,1,1,0,0,0,0,0,0,0,0,0,0,0
comscore,88,0,0,0,1,1,2,3,0,2,2,0,1,0,2,0,2,0,4,0,2,103.11,0,0,0
hangout,87,0,0,0,1,1,1,1,0,3,3,0,0,0,1,1,3,0,6,0,1,0.29,0,0,0
data-dump,87,0,0,0,2,2,1,3,0,2,4,0,1,0,2,1,2,0,5,0,0,2.44,0,0,0
candidate-profile,87,0,0,0,2,1,1,2,0,2,5,0,2,0,2,0,2,0,5,0,2,33.91,0,0,0
wysiwyg,86,0,0,0,2,2,4,6,0,2,6,0,5,0,2,0,3,0,7,0,1,2.13,0,0,0
mutual-engagement-plan,86,0,0,0,2,3,2,6,0,3,3,0,3,0,1,0,3,0,4,0,0,24.29,0,0,0
storage,85,0,0,0,2,2,3,5,0,2,3,0,4,0,2,0,2,0,3,0,0,25.96,0,0,0
salesforce-logging,85,0,0,0,2,2,1,3,0,4,0,0,1,0,2,0,4,0,7,0,0,2.4,0,0,0
report,85,0,0,0,1,2,0,2,0,3,5,0,0,0,2,1,3,0,9,0,0,0.2,0,0,0
ip-address,85,0,0,0,2,3,3,5,0,3,3,0,2,0,2,1,3,0,4,0,1,30.69,0,0,0
holidays,85,0,0,0,1,1,1,3,0,1,3,0,1,0,1,0,1,0,6,0,0,12.5,0,0,0
content-bridge,85,0,0,0,1,1,0,2,0,1,9,0,0,0,1,0,1,0,9,0,0,16.7,0,0,0
the-loop,84,0,0,0,1,0,0,1,0,2,9,0,0,2,0,0,0,0,0,0,0,0,0,0,0
product-led,84,0,0,0,1,1,0,1,1,1,1,0,0,0,1,1,1,0,1,0,0,0,1,2,0
maintenance-windows,84,0,0,0,1,2,0,4,1,1,1,0,0,0,1,0,2,0,6,0,0,1.57,1,0,2
mac-m1,84,0,0,0,0,0,0,2,2,0,0,0,0,0,0,0,0,0,0,0,0,0,2,6,0
big-query,84,0,0,0,1,1,1,1,1,2,1,0,0,0,2,2,2,0,1,0,1,0,1,2,0
baidu,84,0,0,0,1,2,2,2,0,1,1,0,2,0,1,0,2,0,1,0,0,50.0,0,0,0
stackid,83,0,0,0,1,1,1,1,0,1,6,0,0,0,1,0,1,0,5,0,1,0.4,0,0,0
rollback,83,0,0,0,1,1,0,2,0,1,4,0,0,0,1,0,1,0,3,0,0,16.47,0,0,0
annotation,83,0,0,0,2,2,0,3,0,2,6,0,0,0,2,0,2,0,3,0,0,405.27,0,0,0
stackoverflowknows,82,0,0,0,2,2,0,2,1,2,0,0,0,0,2,2,2,0,1,0,0,0,1,2,2
so-for-teams-upgrade,82,0,0,0,1,2,4,4,0,1,0,0,0,0,1,0,2,0,3,0,5,0.24,0,0,0
sku,82,0,0,0,1,1,1,1,0,2,3,0,2,1,1,0,1,0,3,0,0,0.31,0,0,0
workable,81,0,0,0,2,3,0,3,0,3,5,0,0,0,2,1,3,0,9,0,0,0.86,0,0,0
plugin,81,0,0,0,2,3,3,5,0,3,7,0,3,0,3,1,3,0,10,0,9,3.44,0,0,0
pester,81,0,0,0,0,0,0,1,1,0,0,0,0,0,0,0,0,0,0,0,0,0,1,2,1
computer-repair,81,0,0,0,1,2,0,3,0,1,3,0,0,0,1,0,2,0,6,0,0,0.46,0,0,0
asp.net,81,0,0,0,2,1,4,5,1,2,3,0,0,0,2,1,2,0,4,0,4,2.84,1,2,0
subdomain,80,0,0,0,1,1,2,2,0,1,3,0,0,0,1,0,1,0,5,0,3,2.21,0,0,0
github-packages,80,0,0,0,2,2,2,3,0,2,3,0,4,0,2,1,2,0,3,0,3,16.84,0,0,0
dnscontrol,80,0,0,0,2,3,2,3,0,3,1,0,1,0,2,1,4,0,4,0,2,20.5,0,0,0
xunit,79,0,0,0,0,0,0,1,1,0,0,0,0,0,0,0,0,0,0,0,0,0,1,2,0
tsql,79,0,0,0,1,1,2,3,1,1,3,0,0,0,1,0,1,0,5,0,3,3.1,2,1,0
flakyness,79,0,0,0,0,0,0,1,1,0,0,0,0,0,0,0,0,0,0,0,0,0,1,2,0
demo-monkey,79,0,0,0,2,2,2,4,1,2,2,0,2,0,2,1,2,0,2,0,0,935.2,1,3,0
web-scraping,78,0,0,0,2,1,3,3,0,2,1,0,4,1,0,0,1,0,1,0,0,361.12,0,0,0
throttling,78,0,0,0,2,1,4,5,0,2,5,0,2,1,1,0,1,0,3,0,2,0.24,0,0,0
cryptography,78,0,0,0,1,1,2,2,0,2,4,0,4,1,1,0,1,0,1,0,0,94.97,0,0,0
cm-mod-events,78,0,0,0,1,2,1,3,0,2,1,0,2,0,1,1,2,0,1,0,0,15105.34,0,0,0
being-promoted,78,0,0,0,1,0,0,1,0,1,6,0,0,1,0,0,0,0,0,0,0,0,0,0,0
se-educast,77,0,0,0,0,0,0,1,1,0,0,0,0,0,0,0,0,0,0,0,0,0,1,4,0
kerberos,77,0,0,0,2,2,2,2,0,2,3,0,0,0,2,0,3,0,5,0,3,0.89,0,0,0
azure-data-studio,77,0,0,0,2,2,2,2,0,2,3,0,0,0,2,0,3,0,5,0,3,0.89,0,0,0
aws-backup,77,0,0,0,1,1,0,2,0,1,3,0,0,0,1,0,1,0,3,0,0,2182.77,0,0,0
all-hands,77,0,0,0,1,1,1,3,0,1,1,0,1,0,1,0,1,0,2,0,0,24050.13,0,0,0
troops,76,0,0,0,3,3,0,3,0,4,3,0,0,0,4,4,5,0,6,0,0,0,0,0,0
power-ups,76,0,0,0,0,0,0,2,2,0,0,0,0,0,0,0,0,0,0,0,0,0,2,4,0
installation,76,0,0,0,2,2,1,4,0,2,3,0,0,0,2,0,2,0,3,0,1,52.26,0,0,0
firefox,76,0,0,0,2,1,0,2,0,3,3,0,0,1,2,2,2,0,4,0,0,0,0,0,0
content-pod,76,0,0,0,0,0,0,2,2,0,0,0,0,0,0,0,0,0,0,0,0,0,2,4,0
qbr,75,0,0,0,2,2,1,3,0,2,2,0,0,0,2,1,2,0,5,0,1,0.54,0,0,0
core-messaging,75,0,0,0,0,0,0,1,1,0,0,0,0,0,0,0,0,0,0,0,0,0,3,4,0
backfill,75,0,0,0,2,2,2,3,0,2,2,0,1,0,1,1,2,0,5,0,1,163.2,0,0,0
csrf,74,0,0,0,2,1,0,2,0,2,4,0,0,1,1,0,1,0,4,0,0,1.3,0,0,0
azure-keyvault,74,0,0,0,2,2,1,4,0,2,2,0,1,0,2,1,2,0,4,0,0,0.85,0,0,0
powerpoint,73,0,0,0,2,2,0,4,0,3,3,0,0,2,1,0,2,0,3,0,0,2.43,0,0,0
in-review,73,0,0,0,1,1,1,2,0,1,5,0,1,0,0,0,1,0,2,0,1,47.57,0,0,0
community-promotion-ads,73,0,0,0,1,1,0,1,0,1,2,0,0,0,1,1,1,0,2,0,0,0,0,0,0
visitors,72,0,0,0,2,2,1,3,0,2,7,0,0,0,0,1,2,0,5,0,1,41.75,0,0,0
task,72,0,0,0,1,1,1,1,0,1,3,0,0,0,1,0,1,0,4,0,1,0.65,0,0,0
dbcontext,72,0,0,0,1,1,1,1,0,1,3,0,0,0,1,0,1,0,4,0,1,0.65,0,0,0
course-recommendations,72,0,0,0,1,1,0,2,1,1,2,0,0,0,1,1,1,0,2,0,0,0,1,2,0
us-benefits,71,0,0,0,1,1,2,3,0,2,3,0,0,0,2,2,2,0,3,0,4,0,0,0,0
hipaa,71,0,0,0,1,1,2,2,0,1,2,0,0,0,1,1,1,0,2,0,3,0,0,0,0
asp.net-mvc-routing,71,0,0,0,1,1,2,2,0,1,4,0,0,0,1,0,2,0,5,0,3,0.15,0,0,0
asp.net-mvc,71,0,0,0,1,1,2,2,0,1,4,0,0,0,1,0,2,0,5,0,3,0.15,0,0,0
knowledge-management,70,0,0,0,1,1,2,2,0,1,1,0,1,0,0,0,1,0,1,0,1,0.1,0,0,0
freshworks,70,0,0,0,2,2,1,4,0,2,6,0,0,0,2,0,2,0,3,0,1,856.61,0,0,0
dotnet-format,70,0,0,0,1,1,3,3,0,1,7,0,0,0,1,1,1,0,4,0,3,0,0,0,0
value-drivers,69,0,0,0,2,2,3,5,0,2,7,0,1,0,2,0,2,0,8,0,2,0.06,0,0,0
trust-and-safety,69,0,0,0,2,2,1,4,0,2,3,0,0,0,2,1,2,0,3,0,1,185.48,0,0,0
spam-ram,69,0,0,0,2,1,1,3,0,2,1,0,2,1,1,0,1,0,1,0,0,179.19,0,0,0
bravely,69,0,0,0,2,1,0,2,0,2,0,0,0,0,2,0,2,0,3,0,0,0.18,0,0,0
youtube,68,0,0,0,2,2,0,3,1,2,2,0,0,0,2,1,2,0,5,0,0,0.27,1,1,0
timeout,66,0,0,0,2,2,2,4,0,2,4,0,0,0,2,1,2,0,6,0,2,25.48,0,0,0
objectives,66,0,0,0,1,1,0,2,0,1,3,0,0,0,1,0,1,0,8,0,0,0.9,0,0,0
mission,66,0,0,0,1,1,0,2,0,1,3,0,0,0,1,0,1,0,8,0,0,0.9,0,0,0
in-development,66,0,0,0,1,1,1,3,0,1,5,0,1,0,0,0,1,0,0,0,0,578.59,0,0,0
goals,66,0,0,0,1,1,0,2,0,1,3,0,0,0,1,0,1,0,8,0,0,0.9,0,0,0
funding,66,0,0,0,0,0,0,1,1,0,0,0,0,0,0,0,0,0,0,0,0,0,1,5,1
.net-core,66,0,0,0,1,1,2,2,0,2,4,0,2,0,2,0,2,0,5,0,4,52.51,0,0,0
screenshot,65,0,0,0,1,1,2,2,0,1,3,0,0,0,1,1,1,0,4,0,2,0,0,0,0
sales-central,65,0,0,0,2,3,1,4,0,2,4,0,0,0,1,0,3,0,4,0,1,1.19,0,0,0
pgt,65,0,0,0,1,1,0,2,1,1,2,0,0,0,0,0,1,0,3,0,0,1.41,2,3,0
clari,65,0,0,0,1,2,0,2,0,1,2,0,0,0,1,1,2,0,3,0,0,0,0,0,0
product-ideas,64,0,0,0,1,1,1,2,0,1,3,0,0,0,0,0,1,0,1,0,1,93.02,0,0,0
pause-contract,64,0,0,0,1,1,2,2,0,1,1,0,0,0,0,1,6,0,1,0,3,0,0,0,0
figma,64,0,0,0,1,3,2,4,0,2,1,0,0,0,1,1,7,0,8,0,2,1.48,0,0,0
carbon-black-cloud,64,0,0,0,2,1,0,2,0,2,4,0,0,0,2,1,2,0,3,0,0,189.58,0,0,0
wireless,63,0,0,0,1,1,0,2,0,1,2,0,0,0,1,0,1,0,10,0,0,48.0,0,0,0
tag-engine,63,0,0,0,2,2,0,3,0,2,3,0,0,0,2,1,2,0,2,0,0,12.9,0,0,0
points,63,0,0,0,1,1,1,1,0,1,6,0,0,0,1,0,1,0,6,0,1,20.01,0,0,0
activation,63,0,0,0,1,1,1,1,0,1,4,0,0,0,1,0,1,0,1,0,1,24.54,0,0,0
socialhp,62,0,0,0,1,1,1,2,1,2,3,0,1,0,2,2,2,0,4,0,0,0,1,0,0
feedback-tool,62,0,0,0,2,1,3,3,0,2,1,0,3,1,1,1,1,0,1,0,1,0,0,0,0
change-management,62,0,0,0,0,0,0,1,1,0,0,0,0,0,0,0,0,0,0,0,0,0,1,4,0
team-building,61,0,0,0,2,3,2,5,0,2,10,0,2,0,1,0,3,0,7,0,1,25.61,0,0,0
stack-gives-back,61,0,0,0,1,1,0,1,0,2,2,0,0,0,1,2,2,0,2,0,0,0,0,0,0
rss,61,0,0,0,1,2,1,3,0,1,2,0,1,0,1,0,2,0,3,0,0,2.63,0,0,0
life-insurance,61,0,0,0,1,1,0,2,0,1,2,0,0,0,1,0,1,0,4,0,0,25.34,0,0,0
data-catalog,61,0,0,0,0,0,0,1,1,0,0,0,0,0,0,0,0,0,0,0,0,0,2,0,0
arm64,61,0,0,0,1,1,0,1,0,1,3,0,0,0,1,1,1,0,3,0,0,0,0,0,0
splunk,60,0,0,0,2,2,0,3,0,2,2,0,0,0,2,1,2,0,4,0,0,102.8,0,0,0
realm,60,0,0,0,1,1,3,3,0,1,1,0,0,0,1,0,1,0,4,0,3,0.31,0,0,0
instances,60,0,0,0,1,1,1,1,0,1,5,0,0,0,1,1,1,0,4,0,3,0,0,0,0
hashtag,60,0,0,0,1,1,2,2,0,1,2,0,2,0,0,0,1,0,2,0,1,286.63,0,0,0
dependency-injection,60,0,0,0,1,1,2,2,0,1,3,0,0,0,1,1,1,0,3,0,3,0,0,0,0
datetime,60,0,0,0,3,3,0,5,0,3,4,0,0,0,3,1,3,0,7,0,0,0.21,0,0,0
dark-arts,60,0,0,0,2,1,0,2,0,2,1,0,0,0,1,0,3,0,2,0,0,45.93,0,0,0
epoch-events,59,0,0,0,2,2,1,4,0,2,9,0,1,0,1,1,2,0,9,0,0,1680.56,0,0,0
trello-powerup,58,0,0,0,1,0,1,1,0,1,4,0,4,1,0,0,0,0,0,0,0,0,0,0,0
style,58,0,0,0,2,2,0,3,0,2,0,0,0,0,2,1,2,0,2,0,0,0.13,0,0,0
myacademy,58,0,0,0,1,1,0,2,1,1,3,0,0,0,1,1,1,0,4,0,0,0,1,1,0
wifi,57,0,0,0,1,1,0,1,0,1,6,0,0,0,1,0,1,0,10,0,0,0.02,0,0,0
waterfall,57,0,0,0,1,1,0,2,0,1,4,0,0,0,1,0,1,0,7,0,0,1.56,0,0,0
stacker-essentials,57,0,0,0,0,0,0,1,1,0,0,0,0,0,0,0,0,0,0,0,0,0,1,2,0
manager-essentials,57,0,0,0,0,0,0,1,1,0,0,0,0,0,0,0,0,0,0,0,0,0,1,2,0
load-balancer,57,0,0,0,1,1,1,2,0,1,1,0,0,0,1,0,1,0,4,0,1,0.21,0,0,0
email-verification,57,0,0,0,2,1,0,2,0,2,4,0,0,1,1,0,1,0,2,0,0,0.44,0,0,0
punctuation,56,0,0,0,1,1,1,1,0,1,6,0,0,0,1,1,1,0,8,0,2,0,0,0,0
impressions,56,0,0,0,3,2,4,6,0,3,3,0,3,0,2,0,4,0,3,0,1,0.5,0,0,0
city-banner,56,0,0,0,0,0,0,1,1,0,0,0,0,0,0,0,0,0,0,0,0,0,1,1,0
thought-leadership,55,0,0,0,1,2,1,3,0,1,3,0,0,0,1,0,2,0,7,0,1,1.3,0,0,0
syndication,55,0,0,0,1,1,0,1,0,2,2,0,0,0,2,2,2,0,5,0,0,0,0,0,0
fax,55,0,0,0,1,1,1,3,0,1,5,0,0,0,0,0,1,0,11,0,1,5.85,0,0,0
communication-template,55,0,0,0,2,2,0,3,0,2,2,0,0,0,2,1,2,0,2,0,0,6.15,0,0,0
negotiations,54,0,0,0,1,1,1,2,0,2,0,0,1,1,1,0,1,0,0,0,0,64.14,0,0,0
google-hangouts,54,0,0,0,1,1,0,2,0,1,1,0,0,0,1,0,1,0,5,0,0,0.76,0,0,0
feed,54,0,0,0,1,1,0,1,0,3,5,0,0,0,3,3,3,0,5,0,0,0,0,0,0
design-workshop,54,0,0,0,0,0,0,1,1,0,0,0,0,0,0,0,0,0,0,0,0,0,1,3,0
dbapi,54,0,0,0,1,1,1,1,0,1,3,0,0,0,1,0,1,0,5,0,1,1.54,0,0,0
sql-sentry,52,0,0,0,1,1,0,1,0,1,2,0,0,0,1,0,1,0,2,1,0,0.06,0,0,0
seniority,52,0,0,0,2,1,1,2,0,2,6,0,0,0,1,0,3,0,7,0,1,144.13,0,0,0
responsive-design,52,0,0,0,1,1,1,2,0,1,6,0,0,0,1,1,1,0,6,0,1,0,0,0,0
plusone,52,0,0,0,0,0,0,1,1,0,0,0,0,0,0,0,0,0,0,0,0,0,3,0,5
database-performance,52,0,0,0,0,0,0,1,1,0,0,0,0,0,0,0,0,0,0,0,0,0,1,3,0
soe-powershell,51,0,0,0,1,1,0,1,0,2,0,0,0,0,2,2,2,0,1,0,0,0,0,0,0
sabbatical,51,0,0,0,1,1,0,1,0,3,3,0,0,0,3,3,3,0,4,0,0,0,0,0,0
roslyn-code-analysis,51,0,0,0,1,1,2,2,0,1,3,0,0,0,1,0,1,0,5,0,2,0.18,0,0,0
productivity,51,0,0,0,1,1,0,2,0,1,2,0,0,0,1,0,1,0,0,0,0,0.82,0,0,0
google-sheets,51,0,0,0,2,1,2,3,0,2,4,0,2,1,1,0,1,0,1,0,0,118.95,0,0,0
fitnessandnutrition,51,0,0,0,1,1,0,1,0,1,1,0,0,0,1,1,2,0,0,0,0,0,0,0,0
credentialscache,51,0,0,0,0,0,0,1,1,0,0,0,0,0,0,0,0,0,0,0,0,0,1,1,0
toast,50,0,0,0,1,1,0,1,0,1,3,0,0,0,1,1,1,0,4,0,0,0,0,0,0
lead-routing,50,0,0,0,1,1,0,2,0,2,3,0,0,1,1,0,1,0,2,0,0,0.28,0,0,0
data-access-request,50,0,0,0,1,1,2,2,0,1,2,0,0,0,1,0,1,0,2,0,2,0.53,0,0,0
centralized-ad-management,50,0,0,0,0,0,0,1,1,0,0,0,0,0,0,0,0,0,0,0,0,0,1,2,0
themuse,49,0,0,0,1,1,0,1,0,1,2,0,0,0,1,0,1,0,2,0,0,0.47,0,0,0
service-doc,49,0,0,0,0,0,0,1,1,0,0,0,0,0,0,0,0,0,0,0,0,0,1,0,0
openssl,49,0,0,0,1,1,1,2,0,1,4,0,0,0,1,1,1,0,3,0,1,0,0,0,0
join,49,0,0,0,1,1,0,1,0,1,6,0,0,0,0,0,1,0,6,0,0,0.16,0,0,0
eccn,49,0,0,0,1,1,0,2,0,1,1,0,0,0,1,0,1,0,0,0,0,14245.86,0,0,0
serverless,48,0,0,0,1,1,0,1,0,1,1,0,0,0,1,0,1,0,6,0,0,7.59,0,0,0
peo,48,0,0,0,1,1,1,3,0,1,5,0,0,0,0,0,1,0,1,0,1,27.11,0,0,0
job-feed,48,0,0,0,1,2,1,2,0,2,0,0,1,0,2,1,2,0,2,0,1,7.9,0,0,0
gitbook,48,0,0,0,0,0,0,1,1,0,0,0,0,0,0,0,0,0,0,0,0,0,1,3,0
assets,48,0,0,0,1,1,1,1,0,1,0,0,0,0,1,0,1,0,1,0,2,0.12,0,0,0
tfstate,47,0,0,0,1,1,0,1,0,1,1,0,0,0,1,1,1,0,1,0,0,0,0,0,0
maintenance-plan,47,0,0,0,1,1,1,1,0,1,4,0,1,0,1,0,1,0,3,0,0,19.41,0,0,0
job-recommendations,47,0,0,0,1,1,0,1,0,3,2,0,0,0,3,3,3,0,1,0,0,0,0,0,0
iam,47,0,0,0,1,1,1,2,0,1,2,0,1,0,1,0,1,0,1,0,0,94.75,0,0,0
session,46,0,0,0,1,1,1,2,0,1,2,0,0,0,1,0,1,0,3,0,1,25.48,0,0,0
screen-recording,46,0,0,0,1,2,0,2,0,1,1,0,0,0,1,1,2,0,4,0,0,0,0,0,0
pulse-survey,46,0,0,0,2,1,2,2,0,2,0,0,4,0,2,1,2,0,1,0,0,77.69,0,0,0
campaigns-tool,46,0,0,0,1,2,1,3,0,1,1,0,1,0,1,0,2,0,0,0,0,118.07,0,0,0
windows-defender,45,0,0,0,1,1,1,3,0,1,2,0,0,0,1,0,1,0,3,0,1,1.47,0,0,0
sock-puppets,45,0,0,0,1,1,0,1,0,1,3,0,0,0,1,1,1,0,3,0,0,0,0,0,0
self-service,45,0,0,0,0,0,0,1,1,0,0,0,0,0,0,0,0,0,0,0,0,0,1,3,2
rr-customer-success,45,0,0,0,1,1,0,1,0,1,0,0,0,0,1,1,1,0,0,0,0,0,0,0,0
rr-cs,45,0,0,0,1,1,0,1,0,1,0,0,0,0,1,1,1,0,0,0,0,0,0,0,0
pyn,45,0,0,0,1,1,1,3,0,1,3,0,0,0,1,0,1,0,4,0,1,892.26,0,0,0
embedding,45,0,0,0,0,0,0,1,1,0,0,0,0,0,0,0,0,0,0,0,0,0,1,3,2
open-enrollment,44,0,0,0,1,1,0,1,0,1,0,0,0,0,1,1,1,0,0,0,0,0,0,0,0
kestrel,44,0,0,0,1,1,2,2,0,1,3,0,2,0,1,0,1,0,3,0,3,104.58,0,0,0
jenkins,44,0,0,0,1,0,1,1,0,1,1,0,1,1,0,0,0,0,0,0,0,0,0,0,0
volunteering,43,0,0,0,1,1,0,2,0,1,1,0,0,0,0,0,1,0,0,0,0,2803.36,0,0,0
talent-feedback,43,0,0,0,1,1,2,2,0,1,2,0,0,0,1,0,1,0,2,0,2,0.12,0,0,0
ssms,43,0,0,0,1,1,0,2,0,1,1,0,0,0,1,0,1,0,3,0,0,63.66,0,0,0
scrape,43,0,0,0,1,1,0,2,0,1,2,0,0,0,0,0,1,0,2,0,0,0.48,0,0,0
roslyn,43,0,0,0,1,1,2,2,0,1,1,0,0,0,1,0,1,0,2,0,2,2.49,0,0,0
nodejs,43,0,0,0,2,2,0,3,0,2,2,0,0,0,2,1,2,0,2,0,0,1.12,0,0,0
licenses,43,0,0,0,1,1,0,2,0,1,6,0,0,0,1,0,1,0,3,0,0,0.46,0,0,0
google-data-studio,43,0,0,0,1,0,0,1,0,1,0,0,0,1,0,0,0,0,0,0,0,0,0,0,0
failover,43,0,0,0,1,1,0,1,0,1,0,0,0,0,1,0,1,0,2,0,0,95.64,0,0,0
data-lake,43,0,0,0,0,0,0,1,1,0,0,0,0,0,0,0,0,0,0,0,0,0,1,2,0
customer-success-collectives,43,0,0,0,2,2,1,3,0,2,1,0,0,0,2,2,2,0,3,0,1,0,0,0,0
circleci-workflows,43,0,0,0,0,0,0,1,1,0,0,0,0,0,0,0,0,0,0,0,0,0,1,1,0
analyzer,43,0,0,0,1,1,2,2,0,1,1,0,0,0,1,0,1,0,2,0,2,2.49,0,0,0
utf,42,0,0,0,1,1,1,1,0,1,4,0,5,0,1,0,1,0,7,0,0,43.48,0,0,0
status,42,0,0,0,1,1,0,1,0,1,4,0,0,0,1,0,1,0,4,0,0,1.52,0,0,0
stackguide,42,0,0,0,1,2,0,3,0,2,3,0,0,0,2,0,2,0,2,0,0,189.85,0,0,0
premium,42,0,0,0,1,1,3,3,0,2,0,0,0,1,0,0,1,0,0,0,3,1.49,0,0,0
popover,42,0,0,0,1,2,2,3,0,1,1,0,0,0,1,0,2,0,2,0,2,1.34,0,0,0
people,42,0,0,0,1,1,0,1,0,2,4,0,0,0,2,2,2,0,5,0,0,0,0,0,0
engagement-team,42,0,0,0,1,1,3,4,0,1,0,0,0,0,1,0,1,0,1,1,4,0.48,0,0,0
demographics,42,0,0,0,1,1,2,2,0,1,0,0,0,0,0,0,1,0,2,0,3,0.08,0,0,0
talent-sales-content,41,0,0,0,1,1,0,1,0,2,4,0,0,1,1,0,1,0,2,0,0,0.14,0,0,0
scraper,41,0,0,0,1,1,2,2,0,1,0,0,2,0,0,0,1,0,1,0,0,361.12,0,0,0
malware-detection,41,0,0,0,1,1,0,2,0,1,0,0,0,0,0,0,1,0,4,0,0,0.4,0,0,0
frequency-cap,41,0,0,0,1,1,0,1,0,1,1,0,0,0,0,0,1,0,2,0,0,151.24,0,0,0
frequency,41,0,0,0,1,1,0,1,0,1,1,0,0,0,0,0,1,0,2,0,0,151.24,0,0,0
moveworks,40,0,0,0,0,0,0,1,1,0,0,0,0,0,0,0,0,0,0,0,0,0,1,4,0
careersauth,40,0,0,0,1,1,1,2,0,1,1,0,1,0,0,0,1,0,3,0,0,0.16,0,0,0
book-of-enterprise,40,0,0,0,0,0,0,1,1,0,0,0,0,0,0,0,0,0,0,0,0,0,1,0,0
bastion,40,0,0,0,1,1,0,1,0,1,4,0,0,0,1,1,1,0,4,0,0,0,0,0,0
teams-sync,39,0,0,0,1,1,3,3,0,1,1,0,0,0,1,0,1,0,2,0,4,1.18,0,0,0
stackshop-api,39,0,0,0,1,2,0,2,0,1,4,0,0,0,1,0,2,0,6,0,0,0.08,0,0,0
service-accounts,39,0,0,0,2,2,1,4,0,2,3,0,0,0,1,1,2,0,5,0,1,0.09,0,0,0
se-resources,39,0,0,0,1,1,0,1,0,1,3,0,0,0,1,1,1,0,4,0,0,0,0,0,0
productivity-hacks,39,0,0,0,1,1,0,1,0,1,2,0,0,0,1,0,1,0,3,0,0,0.03,0,0,0
pql,39,0,0,0,1,1,1,3,0,1,3,0,1,0,0,0,1,0,2,0,0,23.04,0,0,0
outbound-lead-gen,39,0,0,0,1,1,2,2,0,2,1,0,1,1,1,0,1,0,1,0,2,0.83,0,0,0
microsoft-copilot,39,0,0,0,0,0,0,1,1,0,0,0,0,0,0,0,0,0,0,0,0,0,1,1,0
curl-commandline,39,0,0,0,1,1,0,2,0,1,1,0,0,0,1,0,1,0,2,0,0,0.16,0,0,0
curl,39,0,0,0,1,1,0,2,0,1,1,0,0,0,1,0,1,0,2,0,0,0.16,0,0,0
cp,39,0,0,0,1,1,0,1,0,1,4,0,0,0,1,0,2,0,11,0,0,0.13,0,0,0
amazon,39,0,0,0,1,1,2,2,0,1,2,0,3,0,1,0,1,0,2,0,1,302.02,0,0,0
syslog,38,0,0,0,1,1,0,2,0,1,1,0,0,0,1,0,1,0,1,0,0,102.8,0,0,0
pulumi,38,0,0,0,0,0,0,1,1,0,0,0,0,0,0,0,0,0,0,0,0,0,1,2,0
orders,38,0,0,0,1,1,0,1,0,1,2,0,0,0,1,1,1,0,5,0,0,0,0,0,0
identicon,38,0,0,0,0,0,0,1,1,0,0,0,0,0,0,0,0,0,0,0,0,0,1,0,2
iac,38,0,0,0,0,0,0,1,1,0,0,0,0,0,0,0,0,0,0,0,0,0,1,2,0
algolia,38,0,0,0,1,1,0,2,0,1,1,0,0,0,1,0,1,0,1,0,0,1.47,0,0,0
workload-identity,37,0,0,0,1,1,0,1,0,1,1,0,0,0,1,1,1,0,2,0,0,0,0,0,0
webpage,37,0,0,0,1,1,0,1,0,1,3,0,0,0,1,1,1,0,3,0,0,0,0,0,0
scoold,37,0,0,0,0,0,0,1,1,0,0,0,0,0,0,0,0,0,0,0,0,0,1,5,0
quora,37,0,0,0,1,1,0,2,0,1,0,0,0,0,1,0,1,0,2,0,0,3.55,0,0,0
desktop-wallpaper,37,0,0,0,1,1,0,2,0,1,4,0,0,0,1,0,1,0,2,0,0,24.06,0,0,0
workflow,36,0,0,0,1,0,2,2,0,1,4,0,4,1,0,0,0,0,0,0,0,0,0,0,0
spring,36,0,0,0,1,1,1,2,0,1,1,0,1,0,1,0,1,0,2,0,0,0.55,0,0,0
liquidity,36,0,0,0,1,1,0,1,0,2,3,0,0,0,0,1,2,0,6,0,0,108.68,0,0,0
coursera,36,0,0,0,2,2,0,2,1,2,1,0,0,0,1,1,2,0,0,0,0,120.05,1,4,0
braintree,36,0,0,0,1,1,0,2,0,1,3,0,0,0,1,0,1,0,2,0,0,0.33,0,0,0
starmind,35,0,0,0,0,0,0,1,1,0,0,0,0,0,0,0,0,0,0,0,0,0,1,3,0
site-issues,35,0,0,0,2,1,2,3,0,2,0,0,2,1,0,0,1,0,0,0,0,0.21,0,0,0
purchasing,35,0,0,0,1,1,0,1,0,1,2,0,0,0,1,1,1,0,3,0,0,0,0,0,0
http-status-code-404,35,0,0,0,2,3,0,4,0,2,2,0,0,0,2,1,3,0,4,0,0,0.2,0,0,0
dataflow,35,0,0,0,1,0,2,3,0,1,2,0,2,1,0,0,0,0,0,0,0,0,0,0,0
dapper,35,0,0,0,2,1,0,2,0,2,1,0,0,1,1,1,1,0,0,0,0,0,0,0,0
content-matching,35,0,0,0,1,1,0,2,0,1,2,0,0,0,0,0,1,0,4,0,0,3.86,0,0,0
academic-research,35,0,0,0,1,1,1,2,0,1,0,0,0,0,0,0,1,0,1,0,1,2.65,0,0,0
x-xsrf-token,34,0,0,0,1,0,0,1,0,1,1,0,0,1,0,0,0,0,0,0,0,0,0,0,0
xsrf,34,0,0,0,1,0,0,1,0,1,1,0,0,1,0,0,0,0,0,0,0,0,0,0,0
static-content,34,0,0,0,1,1,0,1,0,1,2,0,0,0,1,1,1,0,3,0,0,0,0,0,0
guests,34,0,0,0,1,1,1,2,0,1,4,0,0,0,0,1,1,0,5,0,1,0,0,0,0
envoy,34,0,0,0,1,1,1,2,0,1,4,0,0,0,0,1,1,0,5,0,1,0,0,0,0
cancel-contract,34,0,0,0,1,1,0,1,0,1,0,0,0,0,0,1,6,0,0,0,0,0,0,0,0
yum,33,0,0,0,1,2,2,3,0,1,0,0,3,0,1,0,2,0,2,0,1,1609.2,0,0,0
saas,33,0,0,0,0,0,0,1,1,0,0,0,0,0,0,0,0,0,0,0,0,0,1,2,0
hcl-connections,33,0,0,0,0,0,0,1,1,0,0,0,0,0,0,0,0,0,0,0,0,0,1,2,0
slab,32,0,0,0,0,0,0,1,1,0,0,0,0,0,0,0,0,0,0,0,0,0,1,3,0
plateng,32,0,0,0,0,0,0,1,1,0,0,0,0,0,0,0,0,0,0,0,0,0,1,0,0
orderform,32,0,0,0,1,2,1,3,0,1,1,0,1,0,0,0,2,0,0,0,0,213.84,0,0,0
network-restrictions,32,0,0,0,1,1,0,1,0,1,2,0,0,0,1,1,1,0,3,0,0,0,0,0,0
lunch-and-learn,32,0,0,0,0,0,0,1,1,0,0,0,0,0,0,0,0,0,0,0,0,0,2,2,0
keyboard-shortcuts,32,0,0,0,1,0,2,3,0,1,1,0,2,1,0,0,0,0,0,0,0,0,0,0,0
filevault,32,0,0,0,1,1,0,1,0,1,0,0,0,0,1,1,1,0,1,0,0,0,0,0,0
bitlocker,32,0,0,0,1,1,0,1,0,1,0,0,0,0,1,1,1,0,1,0,0,0,0,0,0
atrium,32,0,0,0,1,0,0,1,0,1,1,0,0,1,0,0,0,0,0,0,0,0,0,0,0
appxmanifest,32,0,0,0,1,1,2,2,0,1,0,0,2,0,1,0,1,0,1,0,0,257.23,0,0,0
tps,31,0,0,0,1,1,0,1,0,1,1,0,0,0,1,0,1,0,2,0,0,19.17,0,0,0
touch,31,0,0,0,1,1,0,2,0,1,1,0,0,0,0,0,1,0,2,0,0,14.67,0,0,0
stack-university,31,0,0,0,1,1,2,3,0,1,1,0,0,0,1,0,1,0,1,0,2,0.0,0,0,0
semver,31,0,0,0,1,1,0,1,0,1,2,0,0,0,1,0,1,0,3,0,0,0.04,0,0,0
quotes,31,0,0,0,1,1,0,1,0,2,2,0,0,0,1,2,2,0,2,0,0,0,0,0,0
ping-identity,31,0,0,0,1,1,2,3,0,1,1,0,0,0,0,0,1,0,5,0,2,0.14,0,0,0
dear-framework,31,0,0,0,1,1,0,1,0,1,1,0,0,0,1,1,1,0,3,0,0,0,0,0,0
ada-compliance,31,0,0,0,1,2,0,2,0,1,1,0,0,0,0,0,2,0,1,0,0,1.21,0,0,0
tuition-reimbursement,30,0,0,0,1,1,0,1,0,2,2,0,0,0,2,2,2,0,1,0,0,0,0,0,0
server-migration,30,0,0,0,1,1,0,1,0,1,1,0,0,0,1,1,1,0,1,0,0,0,0,0,0
refund,30,0,0,0,1,1,1,2,0,1,0,0,1,0,1,0,1,0,2,0,0,0.17,0,0,0
php,30,0,0,0,1,2,1,3,0,1,2,0,0,0,1,0,2,0,5,0,1,0.18,0,0,0
pci-compliance,30,0,0,0,1,1,0,2,0,1,0,0,0,0,1,0,1,0,1,0,0,0.48,0,0,0
chess,30,0,0,0,1,1,2,3,0,1,3,0,3,0,1,0,1,0,5,0,1,5.3,0,0,0
power-settings,29,0,0,0,1,1,0,2,0,1,0,0,0,0,1,0,1,0,1,0,0,34.29,0,0,0
openid-provider,29,0,0,0,1,2,2,3,0,1,2,0,0,0,1,0,2,0,2,0,2,0.17,0,0,0
moderator-training,29,0,0,0,1,1,2,3,0,1,1,0,1,0,1,1,1,0,1,0,1,0,0,0,0
microsoft-syntex,29,0,0,0,0,0,0,1,1,0,0,0,0,0,0,0,0,0,0,0,0,0,1,2,0
integration,29,0,0,0,0,0,0,1,1,0,0,0,0,0,0,0,0,0,0,0,0,0,1,0,0
hot-meta-posts,29,0,0,0,1,1,0,2,0,1,1,0,0,0,1,0,1,0,1,0,0,14.01,0,0,0
facebook,29,0,0,0,1,1,1,1,0,1,2,0,2,0,0,0,1,0,2,0,0,24.99,0,0,0
es-modules,29,0,0,0,1,1,1,3,0,1,2,0,0,0,0,0,1,0,1,0,1,30.11,0,0,0
bnb,29,0,0,0,1,1,0,1,0,1,0,0,0,0,1,1,1,0,2,0,0,0,0,0,0
amazon-web-services,29,0,0,0,1,1,0,2,0,1,1,0,0,0,0,0,1,0,2,0,0,1.05,0,0,0
acquisitions,29,0,0,0,0,0,0,1,1,0,0,0,0,0,0,0,0,0,0,0,0,0,1,0,0
sync,28,0,0,0,1,1,0,2,0,1,1,0,0,0,1,0,1,0,3,0,0,0.7,0,0,0
stackoverflow-common,28,0,0,0,1,1,2,2,0,1,1,0,5,0,1,0,1,0,1,0,0,14.95,0,0,0
sponsored-product,28,0,0,0,1,1,0,1,0,1,0,0,0,0,0,0,1,0,0,0,0,0.99,0,0,0
sitecache,28,0,0,0,1,1,2,2,0,1,1,0,0,0,1,0,1,0,1,0,3,16.89,0,0,0
serverfault,28,0,0,0,1,1,1,1,0,1,0,0,0,0,0,0,1,0,2,0,3,0.05,0,0,0
parental-leave,28,0,0,0,1,2,0,2,0,1,6,0,0,0,1,1,2,0,10,0,0,0,0,0,0
content-discovery,28,0,0,0,0,0,0,1,1,0,0,0,0,0,0,0,0,0,0,0,0,0,1,3,0
allyship,28,0,0,0,1,1,0,2,1,1,2,0,0,0,1,1,1,0,2,0,0,0,1,2,0
sonarqube,27,0,0,0,0,0,0,1,1,0,0,0,0,0,0,0,0,0,0,0,0,0,1,1,0
slido,27,0,0,0,1,1,0,1,0,1,3,0,0,0,1,1,1,0,5,0,0,0,0,0,0
funnel,27,0,0,0,0,0,0,1,1,0,0,0,0,0,0,0,0,0,0,0,0,0,1,1,0
azure-app-service,27,0,0,0,1,1,0,1,0,1,2,0,0,0,1,0,1,0,2,0,0,0.02,0,0,0
threads,26,0,0,0,0,0,0,1,1,0,0,0,0,0,0,0,0,0,0,0,0,0,1,2,0
morgan-stanley,26,0,0,0,1,1,1,1,0,1,2,0,0,0,1,1,1,0,2,0,1,0,0,0,0
iis,26,0,0,0,2,2,0,2,0,2,3,0,0,0,2,2,2,0,3,0,0,0,0,0,0
http-headers,26,0,0,0,2,1,0,2,0,2,2,0,0,1,1,1,1,0,2,0,0,0,0,0,0
cms,26,0,0,0,1,1,0,1,0,1,2,0,0,0,1,1,1,0,2,0,0,0,0,0,0
category,26,0,0,0,1,1,0,1,0,1,0,0,0,0,1,1,1,0,0,0,0,0,0,0,0
people-team-calendar,25,0,0,0,1,1,0,1,0,1,3,0,0,0,1,1,1,0,4,0,0,0,0,0,0
opavote,25,0,0,0,1,1,0,1,0,1,1,0,0,0,1,1,1,0,1,0,0,0,0,0,0
ocr,25,0,0,0,1,1,0,2,0,1,1,0,0,0,1,0,1,0,4,0,0,10.67,0,0,0
cases,25,0,0,0,1,1,0,1,0,1,1,0,0,0,0,0,2,0,3,0,0,0.04,0,0,0
azure-functions,25,0,0,0,1,1,0,1,0,2,1,0,0,0,2,1,2,0,1,0,0,0.12,0,0,0
ai-art,25,0,0,0,0,0,0,1,1,0,0,0,0,0,0,0,0,0,0,0,0,0,1,2,0
w9,24,0,0,0,1,1,0,1,0,1,1,0,0,0,0,0,1,0,1,0,0,0.06,0,0,0
quip,24,0,0,0,0,0,0,1,1,0,0,0,0,0,0,0,0,0,0,0,0,0,1,1,0
inbound,24,0,0,0,1,1,1,2,0,1,2,0,0,0,1,1,1,0,5,0,1,0,0,0,0
contact-us-page,24,0,0,0,1,1,1,1,0,1,1,0,0,0,1,1,1,0,1,0,1,0,0,0,0
aria,24,0,0,0,1,1,1,3,0,1,1,0,1,0,0,0,1,0,1,0,0,155.01,0,0,0
rfc,23,0,0,0,1,1,0,2,0,1,2,0,0,0,1,0,1,0,2,0,0,39.29,0,0,0
peer-review,23,0,0,0,1,1,0,2,0,1,2,0,0,0,0,0,1,0,1,0,0,17.11,0,0,0
linq-to-sql,23,0,0,0,1,1,1,3,0,1,1,0,0,0,1,0,1,0,2,0,1,0.07,0,0,0
iframe,23,0,0,0,1,0,1,2,0,1,0,0,1,1,0,0,0,0,0,0,0,0,0,0,0
eslint,23,0,0,0,1,1,0,1,0,1,1,0,0,0,1,1,1,0,1,0,0,0,0,0,0
ad-unit,23,0,0,0,1,0,0,1,0,1,0,0,0,1,0,0,0,0,0,0,0,0,0,0,0
tables,22,0,0,0,1,2,0,2,0,1,1,0,0,0,1,1,2,0,1,0,0,0,0,0,0
schema,22,0,0,0,1,2,0,2,0,1,1,0,0,0,1,1,2,0,1,0,0,0,0,0,0
donut.ai,22,0,0,0,1,1,1,2,0,1,4,0,0,0,1,1,1,0,4,0,1,0,0,0,0
custx,22,0,0,0,1,1,0,1,0,1,2,0,0,0,1,1,1,0,3,0,0,0,0,0,0
bigdata,22,0,0,0,1,1,0,2,0,1,1,0,0,0,1,0,1,0,1,0,0,0.19,0,0,0
assessment,22,0,0,0,1,1,0,1,0,1,1,0,0,0,1,1,1,0,2,0,0,0,0,0,0
argowf,22,0,0,0,1,1,0,1,0,3,2,0,0,0,3,3,3,0,1,0,0,0,0,0,0
argo,22,0,0,0,1,1,0,1,0,3,2,0,0,0,3,3,3,0,1,0,0,0,0,0,0
summarization-experience,21,0,0,0,1,1,0,1,0,1,1,0,0,0,1,1,1,0,0,0,0,0,0,0,0
nsg,21,0,0,0,1,1,0,1,0,1,2,0,0,0,1,1,1,0,1,0,0,0,0,0,0
locale,21,0,0,0,1,1,0,1,0,1,1,0,0,0,1,0,1,0,0,0,0,30.08,0,0,0
internet-connection,21,0,0,0,1,1,0,1,0,1,1,0,0,0,1,1,1,0,0,0,0,0,0,0,0
community-kickstart,21,0,0,0,1,1,0,2,0,1,3,0,0,0,1,0,1,0,4,0,0,0.04,0,0,0
ai-gateway,21,0,0,0,1,1,0,1,0,1,1,0,0,0,1,1,1,0,0,0,0,0,0,0,0
ratecard,20,0,0,0,0,0,0,1,1,0,0,0,0,0,0,0,0,0,0,0,0,0,1,0,1
interactive-islands,20,0,0,0,1,1,0,2,0,1,0,0,0,0,1,0,1,0,1,0,0,21.56,0,0,0
information-architecture,20,0,0,0,1,1,0,2,0,1,0,0,0,0,1,0,1,0,0,0,0,92.47,0,0,0
hipchat,20,0,0,0,1,1,1,1,0,1,0,0,0,0,0,1,1,0,1,0,1,0,0,0,0
gam,20,0,0,0,1,0,1,2,0,1,0,0,2,1,0,0,0,0,0,0,0,0,0,0,0
engagement,20,0,0,0,0,0,0,1,1,0,0,0,0,0,0,0,0,0,0,0,0,0,1,0,0
winter-bash-2021,19,0,0,0,1,1,0,1,0,1,0,0,0,0,1,1,1,0,1,0,0,0,0,0,0
versioning,19,0,0,0,0,0,0,1,1,0,0,0,0,0,0,0,0,0,0,0,0,0,1,1,0
compression,19,0,0,0,1,1,0,1,0,1,0,0,0,0,0,0,1,0,0,0,0,61.73,0,0,0
widget,18,0,0,0,1,1,0,2,0,1,1,0,0,0,1,0,1,0,1,0,0,10.89,0,0,0
socli,18,0,0,0,1,0,1,1,0,1,1,0,1,1,0,0,0,0,0,0,0,0,0,0,0
pathfinder,18,0,0,0,1,1,0,1,0,1,1,0,0,0,1,1,1,0,4,0,0,0,0,0,0
london-office,18,0,0,0,1,1,0,1,0,1,2,0,0,0,1,1,1,0,5,0,0,0,0,0,0
internal-api,17,0,0,0,1,0,1,2,0,1,0,0,1,1,0,0,0,0,0,0,0,0,0,0,0
http,17,0,0,0,1,0,1,2,0,1,0,0,1,1,0,0,0,0,0,0,0,0,0,0,0
glg,17,0,0,0,1,1,1,3,0,1,1,0,1,0,0,0,1,0,2,0,0,0.64,0,0,0
adhoc,17,0,0,0,1,0,0,1,0,1,2,0,0,1,0,0,0,0,0,0,0,0,0,0,0
reservations,16,0,0,0,1,1,0,1,0,1,2,0,0,0,1,1,1,0,2,0,0,0,0,0,0
hbase,16,0,0,0,1,2,0,2,0,1,0,0,0,0,1,0,2,0,3,0,0,0.1,0,0,0
azure-devops-pipelines,16,0,0,0,1,0,0,1,0,1,0,0,0,1,0,0,0,0,0,0,0,0,0,0,0
vulnerability-report,15,0,0,0,1,1,0,1,0,1,0,0,0,0,1,1,1,0,0,0,0,0,0,0,0
securitypal,15,0,0,0,1,1,0,2,0,1,1,0,0,0,1,0,1,0,2,0,0,0.29,0,0,0
large-company,15,0,0,0,1,1,0,1,0,1,1,0,0,0,1,1,1,0,0,0,0,0,0,0,0
keynote,15,0,0,0,1,0,0,1,0,1,0,0,0,1,0,0,0,0,0,0,0,0,0,0,0
asciidoc,15,0,0,0,1,1,0,1,0,1,0,0,0,0,0,0,1,0,0,0,0,24.71,0,0,0
ny-datatools01,14,0,0,0,1,1,1,1,0,1,4,0,2,0,1,0,1,0,6,0,1,1.7,0,0,0
legacy,14,0,0,0,1,1,0,1,0,1,1,0,0,0,1,1,1,0,1,0,0,0,0,0,0
go-modules,14,0,0,0,1,1,1,2,0,1,0,0,0,0,0,0,1,0,2,0,1,0.64,0,0,0
forecasting,14,0,0,0,1,1,2,2,0,1,0,0,0,0,1,1,1,0,0,0,2,0,0,0,0
macro,13,0,0,0,1,1,0,2,0,1,0,0,0,0,1,0,1,0,1,0,0,146.62,0,0,0
java,13,0,0,0,1,1,1,2,0,1,1,0,1,0,1,1,1,0,1,0,0,0,0,0,0
fedramp,13,0,0,0,1,1,0,1,0,1,0,0,0,0,1,1,1,0,0,0,0,0,0,0,0
tipalti,12,0,0,0,1,0,0,1,0,1,0,0,0,1,0,0,0,0,0,0,0,0,0,0,0
time,12,0,0,0,1,1,0,1,0,1,1,0,0,0,1,1,1,0,1,0,0,0,0,0,0
procedure,12,0,0,0,1,1,0,1,0,1,2,0,0,0,0,0,1,0,2,0,0,0.03,0,0,0
deploy-keys,12,0,0,0,0,0,0,1,1,0,0,0,0,0,0,0,0,0,0,0,0,0,1,0,0
cognism,12,0,0,0,1,1,0,1,0,1,1,0,0,0,0,0,1,0,1,0,0,0.2,0,0,0
x509,11,0,0,0,1,1,0,1,0,1,1,0,0,0,1,1,1,0,1,0,0,0,0,0,0
target-audience,11,0,0,0,1,0,0,1,0,1,1,0,0,1,0,0,0,0,0,0,0,0,0,0,0
clearslide,10,0,0,0,1,1,0,1,0,1,1,0,0,0,0,1,1,0,1,0,0,0,0,0,0
.net-standard,10,0,0,0,1,1,1,2,0,1,0,0,1,0,0,0,1,0,1,0,1,0.13,0,0,0
super-linter,9,0,0,0,1,1,0,1,0,1,1,0,0,0,1,1,1,0,1,0,0,0,0,0,0
linter,9,0,0,0,1,1,0,1,0,1,1,0,0,0,1,1,1,0,1,0,0,0,0,0,0
es6,9,0,0,0,1,1,0,1,0,1,0,0,0,0,1,1,1,0,0,0,0,0,0,0,0
broadbean,8,0,0,0,1,1,0,1,0,1,0,0,0,0,1,1,1,0,0,0,0,0,0,0,0
convention,7,0,0,0,1,1,0,1,0,1,1,0,0,0,1,1,1,0,1,0,0,0,0,0,0
bacpac,6,0,0,0,0,0,0,1,1,0,0,0,0,0,0,0,0,0,0,0,0,0,1,0,0
windows-server,5,0,0,0,1,1,0,1,0,1,1,0,0,0,1,1,1,0,1,0,0,0,0,0,0
strict-transport-security,5,0,0,0,1,0,0,1,0,1,0,0,0,1,0,0,0,0,0,0,0,0,0,0,0
azure-app-gateway,5,0,0,0,1,1,0,1,0,1,0,0,0,0,1,1,1,0,0,0,0,0,0,0,0
locking,4,0,0,0,1,1,0,1,0,1,0,0,0,0,1,1,1,0,0,0,0,0,0,0,0
kuberenetes,3,0,0,0,1,1,0,1,0,1,1,0,0,0,1,1,1,0,1,0,0,0,0,0,0
kubelogin,3,0,0,0,1,1,0,1,0,1,1,0,0,0,1,1,1,0,1,0,0,0,0,0,0
aks,3,0,0,0,1,1,0,1,0,1,1,0,0,0,1,1,1,0,1,0,0,0,0,0,0
sprig,2,0,0,0,1,1,0,1,0,1,0,0,0,0,1,1,1,0,0,0,0,0,0,0,0
helmfile,2,0,0,0,1,1,0,1,0,1,0,0,0,0,1,1,1,0,0,0,0,0,0,0,0
work-from-home,0,0,0,0,0,0,0,0,0,0,0,0,0,0,0,0,0,0,0,0,0,0,0,0,0
user-experience,0,0,0,0,0,0,0,0,0,0,0,0,0,0,0,0,0,0,0,0,0,0,0,0,0
tooling,0,0,0,0,0,0,0,0,0,0,0,0,0,0,0,0,0,0,0,0,0,0,0,0,0
tldr,0,0,0,0,0,0,0,0,0,0,0,0,0,0,0,0,0,0,0,0,0,0,0,0,0
teams-product-analytics,0,0,0,0,0,0,0,0,0,0,0,0,0,0,0,0,0,0,0,0,0,0,0,0,0
synonym,0,0,0,0,0,0,0,0,0,0,0,0,0,0,0,0,0,0,0,0,0,0,0,0,0
somu,0,0,0,0,0,0,0,0,0,0,0,0,0,0,0,0,0,0,0,0,0,0,0,0,0
so-for-business,0,0,0,0,0,0,0,0,0,0,0,0,0,0,0,0,0,0,0,0,0,0,0,0,0
so-for-basic,0,0,0,0,0,0,0,0,0,0,0,0,0,0,0,0,0,0,0,0,0,0,0,0,0
so-enterprise,0,0,0,0,0,0,0,0,0,0,0,0,0,0,0,0,0,0,0,0,0,0,0,0,0
q4c,0,0,0,0,0,0,0,0,0,0,0,0,0,0,0,0,0,0,0,0,0,0,0,0,0
on-prem,0,0,0,0,0,0,0,0,0,0,0,0,0,0,0,0,0,0,0,0,0,0,0,0,0
knowledge-article,0,0,0,0,0,0,0,0,0,0,0,0,0,0,0,0,0,0,0,0,0,0,0,0,0
jumpstart-package,0,0,0,0,0,0,0,0,0,0,0,0,0,0,0,0,0,0,0,0,0,0,0,0,0
it,0,0,0,0,0,0,0,0,0,0,0,0,0,0,0,0,0,0,0,0,0,0,0,0,0
internationalization,0,0,0,0,0,0,0,0,0,0,0,0,0,0,0,0,0,0,0,0,0,0,0,0,0
inclusion,0,0,0,0,0,0,0,0,0,0,0,0,0,0,0,0,0,0,0,0,0,0,0,0,0
i18n,0,0,0,0,0,0,0,0,0,0,0,0,0,0,0,0,0,0,0,0,0,0,0,0,0
human-resources,0,0,0,0,0,0,0,0,0,0,0,0,0,0,0,0,0,0,0,0,0,0,0,0,0
how-to-guide,0,0,0,0,0,0,0,0,0,0,0,0,0,0,0,0,0,0,0,0,0,0,0,0,0
help-desk,0,0,0,0,0,0,0,0,0,0,0,0,0,0,0,0,0,0,0,0,0,0,0,0,0
gsuite,0,0,0,0,0,0,0,0,0,0,0,0,0,0,0,0,0,0,0,0,0,0,0,0,0
greenshift,0,0,0,0,0,0,0,0,0,0,0,0,0,0,0,0,0,0,0,0,0,0,0,0,0
freemium,0,0,0,0,0,0,0,0,0,0,0,0,0,0,0,0,0,0,0,0,0,0,0,0,0
faqs,0,0,0,0,0,0,0,0,0,0,0,0,0,0,0,0,0,0,0,0,0,0,0,0,0
enterprise-on-prem,0,0,0,0,0,0,0,0,0,0,0,0,0,0,0,0,0,0,0,0,0,0,0,0,0
election,0,0,0,0,0,0,0,0,0,0,0,0,0,0,0,0,0,0,0,0,0,0,0,0,0
dtod-campaign,0,0,0,0,0,0,0,0,0,0,0,0,0,0,0,0,0,0,0,0,0,0,0,0,0
dtd,0,0,0,0,0,0,0,0,0,0,0,0,0,0,0,0,0,0,0,0,0,0,0,0,0
diversity,0,0,0,0,0,0,0,0,0,0,0,0,0,0,0,0,0,0,0,0,0,0,0,0,0
dei-newsletter,0,0,0,0,0,0,0,0,0,0,0,0,0,0,0,0,0,0,0,0,0,0,0,0,0
dei-council,0,0,0,0,0,0,0,0,0,0,0,0,0,0,0,0,0,0,0,0,0,0,0,0,0
dei,0,0,0,0,0,0,0,0,0,0,0,0,0,0,0,0,0,0,0,0,0,0,0,0,0
cultureamp,0,0,0,0,0,0,0,0,0,0,0,0,0,0,0,0,0,0,0,0,0,0,0,0,0
csm-teams,0,0,0,0,0,0,0,0,0,0,0,0,0,0,0,0,0,0,0,0,0,0,0,0,0
corporate,0,0,0,0,0,0,0,0,0,0,0,0,0,0,0,0,0,0,0,0,0,0,0,0,0
communities-on-so,0,0,0,0,0,0,0,0,0,0,0,0,0,0,0,0,0,0,0,0,0,0,0,0,0
cogro-backlog,0,1,0,1,0,0,0,0,0,0,0,0,0,0,0,0,0,0,0,0,0,0,0,0,0
channels,0,0,0,0,0,0,0,0,0,0,0,0,0,0,0,0,0,0,0,0,0,0,0,0,0
careers,0,0,0,0,0,0,0,0,0,0,0,0,0,0,0,0,0,0,0,0,0,0,0,0,0
belonging,0,0,0,0,0,0,0,0,0,0,0,0,0,0,0,0,0,0,0,0,0,0,0,0,0
announcement,0,0,0,0,0,0,0,0,0,0,0,0,0,0,0,0,0,0,0,0,0,0,0,0,0
ads,0,0,0,0,0,0,0,0,0,0,0,0,0,0,0,0,0,0,0,0,0,0,0,0,0
adr,0,0,0,0,0,0,0,0,0,0,0,0,0,0,0,0,0,0,0,0,0,0,0,0,0
